N,ID_PR,ASL,RAGIONE SOCIALE,PARTITA IVA,NOME PRESIDIO,DECRETI,TIPO DI PROVVEDIMENTO,INDIRIZZO,COMUNE,CAP,Latitude,Longitude
186,1223,101 RM/A,ALPA 83 S.R.L.,01497781003,ALPA 83 S.R.L.,U00346/12,DECRETO DI ACCREDITAMENTO,"VIA BARBERINI, 3",ROMA,00187,41.9040194,12.4896661
330,1078,101 RM/A,AFRI,01243801006,AMBULATORIO AFRI S.R.L.,U00155/12,DECRETO DI ACCREDITAMENTO,"via giovanni barracco, 11",ROMA,00162,41.9202517,12.5201006
99,606,101 RM/A,ANALISI CLINICHE CASTELFIDARDO S.R.L.,01763561006,ANALISI CLINICHE CASTELFIDARDO S.R.L.,"U00208/12
U00468/13
U00389/14",DECRETO DI ACCREDITAMENTO,"via castelfidardo, 34",ROMA,00185,41.9071152,12.5002712
409,1314,101 RM/A,ANALISI CLINICHE SCIARRA SRL,02151151004,POLIAMBULATORIO SPECIALISTICO,U00359/12,DECRETO DI ACCREDITAMENTO,Via Antonio Salandra 6,ROMA,00187,41.90564029999999,12.4955343
884,1488,101 RM/A,ANALISI CLINICHE TRASTEVERE S.R.L.,01322551001,ANALISI CLINICHE TRASTEVERE S.R.L.,U00368/12,DECRETO DI ACCREDITAMENTO,via San Francesco a Ripa 110,ROMA,00153,41.8862894,12.4722667
469,232,101 RM/A,AR.PA. RADIOLOGICA S.R.L.,01313651000,AR.PA. RADIOLOGICA S.R.L.,U00356/12,DECRETO DI ACCREDITAMENTO,VIA ALESSANDRO VOLTA 37,ROMA,00153,41.8787736,12.4774683
474,947,101 RM/A,ARISTEIA S.R.L.,01021931009,ARISTEIA S.R.L.,"U00361/12
U00114/13",DECRETO DI ACCREDITAMENTO,"Via Pietro Aretino, 41",ROMA,00137,41.9447457,12.5495363
365,498,101 RM/A,ARTEMISIA SPA,00929551000,POLIAMBULATORIO E DIAGNOSTICA STRUMENTALE,U00169/12,DECRETO DI ACCREDITAMENTO,Viale Liegi 45,ROMA,00198,41.92210679999999,12.4930466
476,323,101 RM/A,BIODIAGNOSTICA S.R.L.,01295891004,BIODIAGNOSTICA S.R.L.,"U00136/12
U00249/13",DECRETO DI ACCREDITAMENTO,Via Gianluca Squarcialupo n.° 36,ROMA,00162,41.9167312,12.5255006
607,342,101 RM/A,BIOLEVI SAIR SERVIZI SANITARI SRL,04977641002,BIOLEVI SAIR SERVIZI SANITARI SRL,U00301/12,DECRETO DI ACCREDITAMENTO,VIA G. SQUARCIALUPO 3,ROMA,00162,41.912199,12.5263537
750,1112,101 RM/A,BIOS S.P.A.,01014021008,BIOS S.P.A.,U00372/12,DECRETO DI ACCREDITAMENTO,Via D. Chelini n. 39,ROMA,00197,41.9263805,12.4819652
810,188,101 RM/A,CAPRI MEDICAL HOUSE SRL,01234951000,CAPRI MEDICAL HOUSE SRL,U00452/12,DECRETO DI ACCREDITAMENTO,PIAZZA CAPRI 5,ROMA,00141,41.8052702,12.6255018
401,1168,101 RM/A,CARDIODIAGNOSTICA S.R.L.,01657101000,CARDIODIAGNOSTICA S.R.L.,"U00408/12
U00246/13",DECRETO DI ACCREDITAMENTO,Via Lima 35,ROMA,00198,41.9235966,12.4960488
60,1216,101 RM/A,CARVITAL S.R.L.,01260051006, CARVITAL S.R.L.,"U00387/12
U00168/13
U00361/13",DECRETO DI ACCREDITAMENTO,VIA FRANCESCO COCCO ORTU 44-50,ROMA,00139,41.9591292,12.5223296
368,616,101 RM/A,CASA DI CURA MARCO POLO S.R.L.,00993021005,CASA DI CURA MARCO POLO S.R.L.,U00251/13,DECRETO DI ACCREDITAMENTO,Viale Marco Polo n.° 41,ROMA,00154,41.8708892,12.4867883
738,745,101 RM/A,CASA DI CURA S. ANTONIO DA PADOVA SRL,00994051001,CASA DI CURA S. ANTONIO DA PADOVA SRL,U00337/13,DECRETO DI ACCREDITAMENTO,"via Mecenate, 14",ROMA,00184,41.8916195,12.4987919
579,1235,101 RM/A,CASA DI CURA SAN FRANCESCO CARACCIOLO SRL,01460451006,CASA DI CURA SAN FRANCESCO CARACCIOLO S.R.L.,U00334/13,DECRETO DI ACCREDITAMENTO,VIALE TIRRENO 200,ROMA,00141,41.9425276,12.529731
171,1763,101 RM/A,CASA DI CURA VILLA VALERIA S.R.L.,01032551002,CASA DI CURA VILLA VALERIA,U00408/14,DECRETO DI ACCREDITAMENTO,PIAZZA CARNARO 18,ROMA,00141,41.940495,12.5326728
134,1273,101 RM/A,CASA SAN LUCIO S.R.L.,01374141008,STUDIO NEUROLOGICO LATERANO CASA SAN LUCIO S.R.L.,U00327/12,DECRETO DI ACCREDITAMENTO,"Via Domenico Fontana, 12",ROMA,00185,41.88774189999999,12.5066754
514,889,101 RM/A,CENTRO CASA GIOCOSA SRL,01696881000,CENTRO CASA GIOCOSA,"U00160/13
U00466/13",DECRETO DI ACCREDITAMENTO,"Via Picco dei Tre Signori,14",ROMA,00141,41.9301586,12.5368413
819,972,101 RM/A,CENTRO DI AUDIOFONOLOGOPEDIA S. R. L.,01136651005,CENTRO DI AUDIOFONOLOGOPEDIA,U00528/13,DECRETO DI ACCREDITAMENTO,VIA DI POGGIO MOIANO 6,ROMA,00199,41.9337572,12.5115357
501,582,101 RM/A,CENTRO ROMANO FISIOTERAPIA,01242731006,CENTRO DI RADIODIAGNOSTICA E FISIOTERAPIA SRL,"U00252/12
U00018/13
U00337/14",DECRETO DI ACCREDITAMENTO,VIA SAN MARTINO DELLA BATTAGLIA 25,ROMA,00185,41.9057652,12.504961
641,1114,101 RM/A,CENTRO FISIOTERAPICO ZURIGO DI MODAFFERI PIETRO & C. S.A.S.,04121531000,CENTRO FISIOTERAPICO ZURIGO DI MODAFFERI PIETRO & C. S.A.S.,U00350/13,DECRETO DI ACCREDITAMENTO,viale gorizia 25/b,ROMA,00198,41.9194812,12.5122013
797,1932,101 RM/A,Madonna delle Grazie Healthcare srl,09164581002,Madonna delle Grazie Healthcare srl,U00170/12,DECRETO DI ACCREDITAMENTO,"L.go DI VILLA BIANCA, 11",ROMA,00199,41.92599000000001,12.51281
765,1335,101 RM/A,CENTRO RICERCHE CLINICHE ORTASA SRL,01013251002,CENTRO RICERCHE CLINICHE ORTASA SRL,U00113/13,DECRETO DI ACCREDITAMENTO,"Via San Leo, 30/32",ROMA,00138,41.98029810000001,12.5115613
15,1318,101 RM/A,CENTROLAB S.R.L.,00974321002,CENTROLAB S.R.L.,U00390/12,DECRETO DI ACCREDITAMENTO,Via dei Montecatini 6a-6b,ROMA,00186,41.899336,12.480264
995,43,101 RM/A,CID LABORATORI S.R.L.,00949341002,CID LABORATORI S.R.L.,U00451/12,DECRETO DI ACCREDITAMENTO,Via di Villa Patrizi 22/a,ROMA,00161,41.91051,12.50831
1051,5396,101 RM/A,CIR VILLA GIULIA SRL,08812711003,RSA CITTÀ GIARDINO,"U00342/13
U00276/14",DECRETO DI REVOCA,Via Cimone 110,ROMA,00141,41.93172999999999,12.53776
85,313,101 RM/A,CMPH SRL,06552541002,PRESIDIO 1/A-B-C,U00414/13,DECRETO DI ACCREDITAMENTO,"Via Verona, 18",ROMA,00161,41.91187,12.5161
228,554,101 RM/A,CMPH SRL,06552541002,PRESIDIO 1/D,U00413/13,DECRETO DI ACCREDITAMENTO,Via Livorno 25,ROMA,00161,41.9151012,12.5230482
242,746,101 RM/A,COMPAGNIE GENERALE DES HOPITAUX SRL,01584090680,COMPAGNIE GENERALE DES HOPITAUX SRL,U00340/12,DECRETO DI ACCREDITAMENTO,Via Nomentana 119,ROMA,00161,41.9116204,12.5042264
668,1520,101 RM/A,COPREZ S.R.L.,03766301000,COPREZ SRL,"U00378/12
U00351/13",DECRETO DI ACCREDITAMENTO,"Via Franco Sacchetti, 18/M",ROMA,00137,41.9500518,12.5463516
723,406,101 RM/A,DIAGNOSTICA BIOMED SRL,01496141001,LABORATORIO GENERALE DI BASE,U00184/12,DECRETO DI ACCREDITAMENTO,"VIA SACCO PASTORE,22-24",ROMA,00141,41.9318446,12.5270023
209,204,101 RM/A,DIAGNOSTICA SRL,01309401006,DIAGNOSTICA SRL,U00238/12,DECRETO DI ACCREDITAMENTO,VIA GARGANO 5,ROMA,00141,41.93565,12.53432
966,402,101 RM/A,DOTT. MAURIZIO NARGI,06516840581,DOTT. MAURIZIO NARGI,U00358/12,DECRETO DI ACCREDITAMENTO,"VIA UGO OJETTI, 16",ROMA,00137,41.9437337,12.5483098
326,1047,101 RM/A,EMATOLOGICO MILANESE S.R.L.,00989181003,EMATOLOGICO MILANESE S.R.L.,U00344/12,DECRETO DI ACCREDITAMENTO,Via XX Settembre 40,ROMA,00187,41.9066695,12.49748
577,1222,101 RM/A,FERRETTI 10 S.R.L.,05807441000,FERRETTI 10,"U00320/12
U00090/14",DECRETO DI ACCREDITAMENTO,VIA JACOPO FERRETTI 10/12,ROMA,00137,41.9480653,12.5482655
255,83,101 RM/A,FISIOCENTRO S.R.L.,01360441008,FISIOCENTRO SRL,U00342/12,DECRETO DI ACCREDITAMENTO,"Viale Trastevere, 6",ROMA,00153,41.88842,12.47352
379,739,101 RM/A,FISIOKINESITERAPIA21 S.R.L.,05739591005,FISIOKINESITERAPIA21 S.R.L. - MEDICINA FISICA E RIABILITAZIONE (POLIAMBULATORIO SOLO AUT.),"U00337/12
U00284/14",DECRETO DI ACCREDITAMENTO,VIA BODONI  7/9,ROMA,00153,41.8801362,12.4773839
720,374,101 RM/A,FLAMINIO 9 S.R.L.,01321031005,STRUTTURA AMBULATORIALE FLAMINIO9 SRL,"U00296/12
U00083/14",DECRETO DI ACCREDITAMENTO,PIAZZALE FLAMINIO 9,ROMA,00196,41.9118106,12.4749778
190,1038,101 RM/A,"FONDAZIONE DI RELIGIONE E DI CULTO ""CASA SOLLIEVO DELLA SOFFERENZA"" OPERA DI SAN PIO DA PIETRELCINA   -  ISTITUTO C.S.S. MENDEL",00138660717,ISTITUTO C.S.S. MENDEL,"U00496/13
U00049/14",DECRETO DI ACCREDITAMENTO,VIALE REGINA MARGHERITA 261,ROMA,00198,41.9113516,12.5087718
350,965,101 RM/A,GEMINI MEDICAL,01220971004,ANALISI CLINICHE GEMINI MEDICAL - POLIAMBULATORIO SPECIALISTICO - DIAGNOSTICA,U00065/13,DECRETO DI ACCREDITAMENTO,via Pacchiarotti 95,ROMA,00139,41.9620972,12.5135465
511,885,101 RM/A,GESTIONE SANITÀ ROMANA SRL,05704581007,POLIAMBULATORIO SPECIALISTICO - LABORATORIO ANALISI,U00463/12,DECRETO DI ACCREDITAMENTO,"Via di Santa Costanza, 21",ROMA,00198,41.9224667,12.5149093
936,1098,101 RM/A,GILAR SRL,01404031005,GILAR SRL,U00118/13,DECRETO DI ACCREDITAMENTO,VIA AUGUSTO GENINA 30,ROMA,00139,41.961194,12.5364784
472,924,101 RM/A,GIULIO CIAFFI SRL,01313331009,ANALISI CLINICHE GIULIO CIAFFI SRL,U00188/12,DECRETO DI ACCREDITAMENTO,VIALE LIBIA 74/A,ROMA,00199,41.93022,12.51772
614,463,101 RM/A,GNOSIS COOPERATIVA SOCIALE ONLUS,03919071005,INFORMARE,U00041/13,DECRETO DI ACCREDITAMENTO,"Via Valdinievole, 8",ROMA,00141,41.9339617,12.5284244
596,144,101 RM/A,I.K.O.R. SRL,01587761006,STRUTTURA AMBULATORIALE I.K.O.R. SRL,"U00331/12
U00219/13",DECRETO DI ACCREDITAMENTO,"Viale Libia, 5",ROMA,00199,41.9290323,12.5166414
92,446,101 RM/A,I.M.P.P.I.T - IST. MED.PSIC.PED. INFANZIA TARDIVA SRL,05497891001,IMPPIT - CENTRO RIABILITAZIONE EX ART. 26,U00250/13,DECRETO DI ACCREDITAMENTO,via  delle Isole 29,ROMA,00198,41.91847,12.50877
38,1766,101 RM/A,IL KINESITERAPICO SRL,00985491000,IL KINESITERAPICO S.R.L.,"U00227/12
U00260/14",DECRETO DI ACCREDITAMENTO,VIA PANAMA83,ROMA,00198,41.92336,12.50132
826,368,101 RM/A,IMMUNOLAB SRL,01146421001,IMMUNOLAB SRL,U00280/12,DECRETO DI ACCREDITAMENTO,piazza Addis Abeba 1,ROMA,00199,41.9315179,12.523017
371,646,101 RM/A,ISTITUTO DI ORTOFONOLOGIA SRL,01869671006,IDO SALARIA,"U00111/13
U00453/13",DECRETO DI ACCREDITAMENTO,via Salaria 30,ROMA,00198,41.911866,12.4979411
382,800,101 RM/A,ISTITUTO DI ORTOFONOLOGIA SRL,01869671006,IDO TAGLIAMENTO,U00109/13,DECRETO DI ACCREDITAMENTO,via Tagliamento 25,ROMA,00198,41.9196087,12.5023097
626,644,101 RM/A,ISTITUTO DI ORTOFONOLOGIA SRL,01869671006,IDO FURLO,"U00110/13
U00454/13",DECRETO DI ACCREDITAMENTO,via Passo del Furlo 53,ROMA,00141,41.9305679,12.5354957
675,1675,101 RM/A,ISTITUTO FLEMING DIAGNOSTICA CLINICA DI LABORATORIO S.R.L.,01028501003,ISTITUTO FLEMING DIAGNOSTICA CLINICA DI LABORATORIO S.R.L.,U00204/12,DECRETO DI ACCREDITAMENTO,Viale Tiziano n. 78/80,ROMA,00196,41.9313037,12.4689854
636,862,101 RM/A,ITALMEDICA S.A.S.,01321971002,ITALMEDICA S.A.S,U00179/12,DECRETO DI ACCREDITAMENTO,"via Treviso, 16",ROMA,00161,41.90907929999999,12.5130273
929,1003,101 RM/A,KRASI SRL,01320371006,KRASI SRL,U00168/12,DECRETO DI ACCREDITAMENTO,Via Annone 1,ROMA,00199,41.9246114,12.5151428
548,1565,101 RM/A,L.A.D. PROF. GIORGIO NATALIZI SRL,02150831002,L.A.D. PROF. GIORGIO NATALIZI SRL,U00421/12,DECRETO DI ACCREDITAMENTO,"VIA ZANARDELLI, 36",ROMA,00186,41.901595,12.4718651
145,1838,101 RM/A,L.E.A. S.R.L.,01353231002,L.E.A. S.R.L.,U00364/12,DECRETO DI ACCREDITAMENTO,VIA DEI PONTEFICI 3,ROMA,00186,41.9064663,12.4779355
321,1215,101 RM/A,LAB. ANALISI CLINICHE MEDICHE SARGENTINI SRL,04646541005,LAB. ANALISI CLINICHE MEDICHE SARGENTINI SRL,U00187/12,DECRETO DI ACCREDITAMENTO,"VIA DI TOR FIORENZA, 47",ROMA,00199,41.9323422,12.5109812
519,1153,101 RM/A,LABORATORI ANALISI CLINICHE MEDICHE PAOLO GORINI,01313811000,LAB.AN.CLIN.MED. PAOLO GORINI  SRL,U00158/12,DECRETO DI ACCREDITAMENTO,"VIA DI PRISCILLA,106",ROMA,00199,41.9322019,12.5124988
763,1303,101 RM/A,LABORATORIO ANALISI 'BIOTECNICA ROMANA' S.R.L.,05630771003,BIOTECNICA ROMANA LABORATORIO ANALISI SRL,U00206/12,DECRETO DI ACCREDITAMENTO,VIA PRATI FISCALI 258,ROMA,11010,41.94617239999999,12.5165958
389,893,101 RM/A,LABORATORIO ANALISI CLINICHE ALESSANDRIA SRL,01008931006,POLIAMBULATORIO E DIAGNOSTICA STRUMENTALE,"U00453/12
U00460/13
U00019/14
U00188/14",DECRETO DI ACCREDITAMENTO,"Via Velletri,10",ROMA,00198,41.9119276,12.4988596
805,1092,101 RM/A,LABORATORIO ANALISI CLINICHE DELLE VALLI SRL,01008551002,LABORATORIO ANALISI CLINICHE DELLE VALLI SRL,U00374/12,DECRETO DI ACCREDITAMENTO,LARGO VALSABBIA 26,ROMA,00141,41.9426575,12.5163646
729,530,101 RM/A,LABORATORIO ANALISI CLINICHE DOTT.LORENZO ANTONINI SRL,01513831006,LABORATORIO ANALISI CLINICHE DOTT. LORENZO ANTONINI S.R.L.,U00180/12,DECRETO DI ACCREDITAMENTO,"Viale Regina Margherita, 158",ROMA,00198,41.915211,12.5034463
879,1447,101 RM/A,LABORATORIO ANALISI CLINICHE DR. SARDONE SRL,01328971005,STRUTTURA AMBULATORIALE LABORATORIO ANALISI CLINICHE DR. SARDONE SRL,U00304/12,DECRETO DI ACCREDITAMENTO,Via Monte Cervialto N. 75,ROMA,00139,41.95219,12.52466
755,1166,101 RM/A,LABORATORIO ANALISI CLINICHE E RADIOIMMUNOLOGICHE BOLOGNA S.R.L.,01148401001,STRUTTURA AMBULATORIALE LABORATORIO ANALISI CLINICHE E RADIOIMMUNOLOGICHE BOLOGNA S.R.L.,U00420/12,DECRETO DI ACCREDITAMENTO,"Viale Ventuno Aprile, 38 b",ROMA,00162,41.9155168,12.5203148
155,1540,101 RM/A,LABORATORIO ANALISI CLINICHE E RICERCHE DIAGNOSTICHE PROF.A.DE ARCANGELIS S.R.L.,01072901000,LAB PROF. DE ARCANGELIS SRL,U00315/12,DECRETO DI ACCREDITAMENTO,Corso Trieste 22,ROMA,00198,41.9153834,12.5075813
536,1431,101 RM/A,LABORATORIO ANALISI CLINICHE GIANTURCO S.R.L.,00976431007,STRUTTURA AMBULATORIALE LABORATORIO ANALISI CLINICHE GIANTURCO S.R.L.,"U00357/12
U00154/13
U00273/13",DECRETO DI ACCREDITAMENTO,VIA CESARE FRACASSINI 18,ROMA,00196,41.9236093,12.470299
718,962,101 RM/A,LABORATORIO ANALISI CLINICHE SPECIALISTICHE 'CAVOUR' S.R.L.,01240451003,LABORATORIO,"U00366/12
U00147/13",DECRETO DI ACCREDITAMENTO,"VIA ORTIGNANO, 2/C",ROMA,00138,41.9717913,12.5168262
293,1578,101 RM/A,LABORATORIO ANALISI DR.SSA SILVIA TOLLOY S.R.L.,06554171006,LABORATORIO ANALISI DR.SSA SILVIA TOLLOY S.R.L,U00284/12,DECRETO DI ACCREDITAMENTO,"Via Milano, 37",ROMA,00184,41.8985128,12.4908144
97,596,101 RM/A,LABORATORIO ANALISI S EMERENZIANA SNC,01201301007,STRUTTURA AMBULATORIALE LABORATORIO ANALISI CLINICHE S EMERENZIANA  SNC,"U00335/12
U00449/13",DECRETO DI ACCREDITAMENTO,PIAZZA S EMERENZIANA 2,ROMA,00199,41.92904,12.51603
297,1639,101 RM/A,LABORATORIO DE SANCTIS SRL,01529811000,LABORATORIO DE SANCTIS SRL,U00393/12,DECRETO DI ACCREDITAMENTO,VIA MERULANA 13,ROMA,00185,41.8963067,12.4996536
207,200,101 RM/A,LABORATORIO DI ANALISI CLINICHE DOTTOR MARCELLO BARBATO SRL,01185821004,LABORATORIO DI ANALISI CLINICHE DR. MARCELLO BARBATO SRL,U00307/12,DECRETO DI ACCREDITAMENTO,"Via Clisio,9",ROMA,00199,41.92409,12.51121
739,750,101 RM/A,LABORATORIO DI PATOLOGIA CLINICA BRUSCA SRL,04128081009,LABORATORIO DI PATOLOGIA CLINICA BRUSCA SRL,U00190/12,DECRETO DI ACCREDITAMENTO,"Via Panama , 68 - ingresso indip. al n¿ 70",ROMA,00198,41.9178828,12.5039922
658,1425,101 RM/A,LABORATORIO DI PATOLOGIA CLINICA GIARNIERI SRL,01337851008,LABORATORIO DI PATOLOGIA CLINICA GIARNIERI SRL,U00388/12,DECRETO DI ACCREDITAMENTO,Via Po 43-45,ROMA,00198,41.9174637,12.499021
942,125,101 RM/A,LABORATORIO IPPOCRATE S.R.L.,01308271004,LABORATORIO IPPOCRATE SRL,U00262/12,DECRETO DI ACCREDITAMENTO,CIRCONVALLAZIONE NOMENTANA 538,ROMA,00162,41.9112216,12.5286266
848,782,101 RM/A,LABORATORIO MEDICO BIOLOGICO GRAF S.R.L.,02098300581,LABORATORIO MEDICO BIOLOGICO GRAF S.R.L.,"U00493/12
U00271/13",DECRETO DI ACCREDITAMENTO,Via Arturo Graf 45-47,ROMA,00137,41.9432608,12.5524494
565,1767,101 RM/A,LABORATORIO PATOLOGIA CLINICA DI GIORGI,04505241002,LABORATORIO PATOLOGIA CLINICA DI GIORGI,U00314/12,DECRETO DI ACCREDITAMENTO,piazza m.b.bulgarelli 32/44,ROMA,00139,41.9650271,12.5191936
245,824,101 RM/A,LUISA SAM SRL (TRASFORMATA IN S.A.M.),01220551004,ANALISI CLINICHE LUISA POLIAMBULATORIO,U00300/12,DECRETO DI ACCREDITAMENTO,VIA PADOVA 96/A,ROMA,00161,41.9105291,12.5206345
237,664,101 RM/A,LYCEUM S.R.L.,01030121006,STRUTTURA AMBULATORIALE LYCEUM SRL,U00205/12,DECRETO DI ACCREDITAMENTO,"Via Montebuono, 25/b",ROMA,00199,41.9340228,12.5129158
836,535,101 RM/A,MACHIAVELLI MEDICAL HOUSE S.R.L.,01054891005,MACHIAVELLI MEDICAL HOUSE S.R.L.,U00456/12,DECRETO DI ACCREDITAMENTO,Via Machiavelli n.° 22,ROMA,00185,,
957,978,101 RM/A,MAR S.R.L.,07543541002,AMBULATORIO SPECIALISTICO OCULISTICO MAR,U00129/13,DECRETO DI ACCREDITAMENTO,Via Adige 28 piano I int. 2,ROMA,00198,41.9209437,12.5041157
101,627,101 RM/A,MARTELLI ANALISI CLINICHE SRL,07451591007,MARTELLI ANALISI CLINICHE SRL,U00466/12,DECRETO DI ACCREDITAMENTO,via filippo antonio gualterio 52 e,ROMA,00139,41.9531948,12.5222347
650,1337,101 RM/A,MATRICCIANI DOTT. ANTONIO,04212731006,MATRICCIANI DOTT. ANTONIO - OTORINO,U00240/12,DECRETO DI ACCREDITAMENTO,via Franco Sacchetti 101,ROMA,00137,41.947207,12.54354
374,660,101 RM/A,ME.DI.T. SRL,01174991008,STRUTTURA AMBULATORIALE ME.DI.T. SRL,U00457/12,DECRETO DI ACCREDITAMENTO,P.LE ADRIATICO 5,ROMA,00141,41.9398831,12.5359714
198,1106,101 RM/A,MEDICAL HOUSE VIGNE NUOVE SRL,01428411001,MEDICAL HOUSE VIGNE NUOVE SRL,U00365/12,DECRETO DI ACCREDITAMENTO,VIA GIOVANNI PASTRONE 41,ROMA,00139,41.9613795,12.5371295
233,641,101 RM/A,MONTECERVIALTO RADIOLOGIA SRL,02077861009,MONTE CERVIALTO RADIOLOGIA SRL,U00166/12,DECRETO DI ACCREDITAMENTO,via monte cervialto n.56,ROMA,00139,41.95197,12.52476
743,854,101 RM/A,NOVAMEDICA S.R.L.,01037841002,NOVAMEDICA S.R.L.,U00412/12,DECRETO DI ACCREDITAMENTO,Via Gianluca Squarcialupo n.° 17/C,ROMA,00162,41.9167312,12.5255006
311,1806,101 RM/A,OPERA SANTE DE SANCTIS ONLUS ASS. PER LA TERAPIA E LA RIABILITAZIONE DEGLI HANDICAP. PSICO-FISICI,09452921001,CENTRO VIA CONTE VERDE,U00207/13,DECRETO DI ACCREDITAMENTO,Via Conte Verde 47,ROMA,00185,41.892938,12.5071292
946,227,101 RM/A,OREDA SRL,01004641005,PRESIDIO OREDA,U00487/12,DECRETO DI ACCREDITAMENTO,VIA FRANCO SACCHETTI 127,ROMA,00137,41.9466218,12.543026
630,758,101 RM/A,PASSARETTI GIUSEPPE ENRICO,1.0752770585E10,PASSARETTI GIUSEPPE,U00489/12,DECRETO DI ACCREDITAMENTO,via Bari n°7,ROMA,00161,41.9107291,12.5149189
159,1605,101 RM/A,PIGRECO OMNIA SALUS SRL,06589561007,STRUTTURA AMBULATORIALE PIGRECO OMNIA SALUS SRL,U00312/12,DECRETO DI ACCREDITAMENTO,"Via Don Giustino Maria Russolillo, 63",ROMA,00138,41.97055779999999,12.5174886
695,991,101 RM/A,POLIAMBULATORIO TALENTI SRL,01021921000,STRUTTURA AMBULATORIALE POLIAMBULATORIO TALENTI S.R.L.,U00235/12,DECRETO DI ACCREDITAMENTO,Via Pietro Aretino 43,ROMA,00137,41.944717,12.5498918
637,888,101 RM/A,POLICLINICO ITALIA S.R.L.,05600591001,CASA DI CURA POLICLINICO ITALIA - RESIDENZA ASSISTENZIALE R1-R3,U00302/13,DECRETO DI ACCREDITAMENTO,Piazza del Campidano n. 6 ,ROMA,00172,41.9163299,12.523146
117,845,101 RM/A,PRODA S.R.L.,01107811000,ISTITUTO DI DIAGNOSTICA CLINICA PRODA 1,"U00410/12
U00171/13",DECRETO DI ACCREDITAMENTO,"Piazza Capri, 15",ROMA,00141,41.9438172,12.5289765
471,280,101 RM/A,RADIOLOGICA PAVIA S.R.L.,04109541005,RADIOLOGICA PAVIA S.R.L.,U00231/12,DECRETO DI ACCREDITAMENTO,VIA PO 45,ROMA,00198,41.9175023,12.4990683
319,1201,101 RM/A,REVERIE COMUNITÀ 1,03788361008,REVERIE COMUNIT¿ 1 - COMUNIT¿ TERAPEUTICA ROMANA,U00125/13,DECRETO DI ACCREDITAMENTO,"Via Moncenisio, 20",ROMA,00141,41.9412787,12.5338262
299,1685,101 RM/A,S.A.S. SRL,01088091002,MEDICINA FISICA E RIABILITATIVA,U00164/12,DECRETO DI ACCREDITAMENTO,"Via Francesco Carrara, 24",ROMA,00196,41.9121432,12.4738814
627,650,101 RM/A,SALUS C.M.D. S.R.L.,00984051003,SALUS C.M.D. S.R.L. POLIAMBULATORIO - LABORATORIO ANALISI CLINICHE,U00379/12,DECRETO DI ACCREDITAMENTO,"VIA ALESSANDRO VOLTA, 37",ROMA,00153,41.8787736,12.4774683
71,1099,101 RM/A,SALUS SRL,05529091000,SALUS,"U00341/13
U00299/14",DECRETO DI ACCREDITAMENTO,VIA PAOLO MONELLI 59,ROMA,00137,41.96113,12.55355
156,1567,101 RM/A,SAN MICHELE ROMA S.P.A.,01006951006,SAN MICHELE ROMA S.P.A.,"U00216/12
U00048/13",DECRETO DI ACCREDITAMENTO,VIA VAL DI NON 37,ROMA,00141,41.9433503,12.5174449
331,1108,101 RM/A,SANEM 2001 DI TOCCI AGOSTINO SNC,05192761004,SANEM 2001 DI TOCCI AGOSTINO SNC,U00159/12,DECRETO DI ACCREDITAMENTO,VIA NEMORENSE 27,ROMA,00199,41.9248573,12.5080051
872,1348,101 RM/A,SFERA S.R.L.,01150581005,PRESIDIO 1,U00219/12,DECRETO DI ACCREDITAMENTO,Via Renato Fucini 240,ROMA,00137,41.9482465,12.5504516
195,1075,101 RM/A,SOCIETÀ COOPERATIVA SOCIALE DI AZIONE RIABILITATIVA A R.L.,01218981007,SOCIETÀ COOPERATIVA SOCIALE DI AZIONE RIABILITATIVA A R.L.,U00040/13,DECRETO DI ACCREDITAMENTO,Via Suvereto 237 E Via Valfurva n. 14/16,ROMA,00139,41.9347891,12.5308123
473,925,101 RM/A,SOCIETA IN ACCOMMANDITA SEMPLICE,01255271007,SOMALIA SALUS SAS,"U00295/12
U00349/13",DECRETO DI ACCREDITAMENTO,VIALE SOMALIA SAS,ROMA,00199,41.9319083,12.5097274
681,1814,101 RM/A,STUDIO DI DIAGNOSI MEDICA SRL,01748351002,STRUTTURA AMBULATORIALE STUDIO DI DIAGNOSI MEDICA SRL,U00363/12,DECRETO DI ACCREDITAMENTO,Viale Regina Margherita 270,ROMA,00198,41.9115731,12.5080661
562,1704,101 RM/A,STUDIO DI MEDICINA NUCLEARE SRL,01318981006,STRUTTURA AMBULATORIALE STUDIO DI MEDICINA NUCLEARE SRL,U00447/12,DECRETO DI ACCREDITAMENTO,Via Renato Fucini 59,ROMA,00137,41.9524119,12.5466285
524,1262,101 RM/A,STUDIO DIAGNOSTICO PANTHEON SRL,01247611005,STUDIO DIAGNOSTICO PANTHEON SRL,U00495/12,DECRETO DI ACCREDITAMENTO,VIA GIUSTINIANI 12,ROMA,00186,41.899439,12.4751212
812,216,101 RM/A,STUDIO FISIOKINESITERAPICO ACCADEMIA S.R.L.,01254651001,STUDIO FISIOKINESITERAPICO ACCADEMIA,U00135/12,DECRETO DI ACCREDITAMENTO,PIAZZA ANTONIO BALDINI 4,ROMA,00141,41.9401572,12.54452
925,1198,101 RM/A,STUDIO FISIOKINESITERAPICO ROMANO S.R.L.,01337711004,STUDIO FISIOKINESITERAPICO ROMANO S.R.L.,"U00419/12
U00019/14",DECRETO DI ACCREDITAMENTO,"Viale Libia, 76",ROMA,00199,41.92991070000001,12.5172385
37,1758,101 RM/A,STUDIO MEDICO LAZIO S.R.L.,01228571004,STUDIO MEDICO LAZIO S.R.L.,U00470/12,DECRETO DI ACCREDITAMENTO,"Viale G. Rossini, 24",ROMA,00198,41.9199825,12.4913388
701,1104,101 RM/A,STUDIO RADIOLOGICO LIBIA S.R.L.,01259641007,STUDIO RADIOLOGICO LIBIA S.R.L.,"U00234/12
U00067/14",DECRETO DI ACCREDITAMENTO,VIALE LIBIA 58,ROMA,00199,41.9301091,12.5174765
903,1671,101 RM/A,STUDIO RADIOLOGICO MARULLO SRL,01062581002,STUDIO RADIOLOGICO MARULLO SRL,U00239/12,DECRETO DI ACCREDITAMENTO,VIA ALESSANDRO TORLONIA 11/13,ROMA,00161,41.915703,12.5124667
118,848,101 RM/A,TIZIANO CONSULTORIO FAMILIARE SRL,01292691001,TIZIANO CONSULTORIO FAMILIARE SRL,U00221/13,DECRETO DI ACCREDITAMENTO,Via Renato Fucini 59 ter,ROMA,00137,41.9524119,12.5466285
974,484,101 RM/A,VILLA ESPERIA ROMA S.R.L.,01113581001,VILLA ESPERIA ROMA S.R.L. ,U00017/13,DECRETO DI ACCREDITAMENTO,Viale Regina Margherita n.° 279,ROMA,00198,41.9178828,12.5039922
1027,5750,101 RM/A,RSA SETTEBAGNI S.R.L.,05506430486,RSA SANTA CHIARA *2,"U00340/13
U00106/14",DECRETO DI ACCREDITAMENTO,VIA DELLO SCALO DI SETTEBAGNI 77,ROMA,00138,42.00431,12.52027
25,658,102 RM/B,901 TUSCOLANA ACCERTAMENTI DIAGNOSTICI S.R.L.,01281321008,901 TUSCOLANA ACCERTAMENTI DIAGNOSTICI S.R.L.,U00352/12,DECRETO DI ACCREDITAMENTO,"VIA TUSCOLANA, 901",ROMA,00174,41.85678,12.56246
28,481,102 RM/B,A.D.I. ACCENTRAMENTO DIAGNOSTICO ITALIANO S.R.L.,01133501005,STRUTTURA AMBULATORIALE A.D.I. ACCENTRAMENTO DIAGNOSTICO ITALIANO S.R.L.,U00064/12,DECRETO DI ACCREDITAMENTO,VIA NAZARENO GIANNI N° 5/7,ROMA,00131,41.94570299999999,12.6074724
40,1241,102 RM/B,AEROLAB SRL,01503171009,AEROLAB S.R.L.,"U00415/12
U00404/14",DECRETO DI ACCREDITAMENTO,Via dell'Aeroporto 6,ROMA,00175,41.8613363,12.5553113
47,240,102 RM/B,AM.CO. SRL,01014291007,R.S.A. VILLA LUCIA,U00268/13,DECRETO DI ACCREDITAMENTO,Via dei Pioppi 6,ROMA,00172,41.87732,12.56739
49,181,102 RM/B,ANALISI CLINICHE LARS -TOR SAPIENZA SRL,01396661009,ANALISI CLINICHE LARS-TOR SAPIENZA SRL,"U00367/12
U00022/14",DECRETO DI ACCREDITAMENTO,"VIA STEFANO USSI, 6",ROMA,00155,41.9014698,12.5909212
55,518,102 RM/B,ANALITICA ASKLEPEION S.R.L.,01313461004,ANALITICA ASKLEPEION SRL,U00069/13,DECRETO DI ACCREDITAMENTO,VIA DI TOR VERGATA 1,ROMA,00133,41.8625707,12.6203815
59,794,102 RM/B,ANICIO GALLO STUDIO RADIOLOGICO S.R.L.,04301151009,ANICIO GALLO STUDIO RADIOLOGICO,U00399/14,DECRETO DI CONFERMA DELL'AUTORIZZAZIONE,viale anicio gallo 12,ROMA,00174,41.85447569999999,12.5608019
67,1597,102 RM/B,AR.NA. RADIOLOGICA S.R.L.,01731441000,AR.NA. RADIOLOGICA S.R.L.,"U00422/12
U00279/14",DECRETO DI CONFERMA DELL'AUTORIZZAZIONE,Piazza Aruleno Celio Sabino 78,ROMA,00174,41.8532772,12.5585733
78,1240,102 RM/B,ARCIDIACONO SRL (C.M.A.),01315671006,DIAGNOSTICA X IMMAGINI - FISIOKINESITERAPIA - POLIAMBULATORIO - LABORATORIO ANALISI CLINICHE,"U00106/13
U00244/13
U00062/14
U00081/14",DECRETO DI ACCREDITAMENTO,"VIA DI PRATAPORCI, 52",ROMA,00132,41.8592323,12.6845159
83,470,102 RM/B,ARETEIA DEL DOTT. BONOMOLO E ALTRI S.R.L.,01248661009,STRUTTURA AMBULATORIALE ARETEIA DEL DOTT.BONOMOLO ED ALTRI SRL,U00063/12,DECRETO DI ACCREDITAMENTO,VIA EUGENIO TORELLI VIOLLIER N° 15,ROMA,00157,41.91089789999999,12.5378637
86,1483,102 RM/B,ARTEMEDICA TORVERGATA S.R.L.,05841001000,"STRUTTURA AMBULATORIALE ""ARTEMEDICA TORVERGATA S.R.L.""",U00316/12,DECRETO DI ACCREDITAMENTO,VIALE LUIGI SCHIAVONETTI 290,ROMA,00173,41.84485979999999,12.6176438
104,1563,102 RM/B,ASSOCIAZIONE ONLUS LA TENDA,04198941009,COMUNITÀ LA TENDA - UNITÀ DI STRADA V MUNICIPIO,U00371/14,DECRETO DI ACCREDITAMENTO,Via del Frantoio 58,ROMA,00159,41.91431,12.56117
137,1355,102 RM/B,AZZOPARDI ROSARIO MARIA,02625940586,AZZOPARDI ROSARIO MARIA,U00468/12,DECRETO DI ACCREDITAMENTO,VIA AMICO ASPERTINI 113,ROMA,00133,41.8757718,12.6275106
144,1386,102 RM/B,BIODIAGNOSTICA ALESSANDRINA SRL,01319781009,STRUTTURA AMBULATORIALE BIODIAGNOSTICA ALESSANDRINA SRL,U00108/12,DECRETO DI ACCREDITAMENTO,VIA DEL CAMPO 46F,ROMA,00172,41.8768545,12.5778008
152,704,102 RM/B,BIOMEDICA ROMA SRL,04889991008,BIOMEDICA ROMA SRL,"U00277/12
U00356/13
U00269/14",DECRETO DI ACCREDITAMENTO,V. PAN 18,ROMA,00158,41.9153433,12.5548801
153,949,102 RM/B,BIORAMA 77 S.R.L.,01101681003,BIORAMA 77 S.R.L.,U00075/12,DECRETO DI ACCREDITAMENTO,Via Carlo fadda 41-47,ROMA,00173,41.8611101,12.5714415
164,1405,102 RM/B,BIOS PREVENTION SRL (GIÀ BIOS MARX S.R.L. E BIOS S.P.A.),12430111000,BIOS PREVENTION SRL (GIÀ BIOS MARX S.R.L. E BIOS S.P.A.),"U00241/12
U00329/14",DECRETO DI ACCREDITAMENTO,Viale Marx n. 203,ROMA,00156,41.9387872,12.5621094
203,1518,102 RM/B,BIO-TEST S.R.L.,01591011000, BIO-TEST S.R.L.,U00396/12,DECRETO DI ACCREDITAMENTO,via Flavio stilicone,ROMA,00264,41.8585242,12.562085
226,1493,102 RM/B,C.A.M.E.S. S.R.L.,01395981002,C.A.M.E.S. S.R.L.,U00283/12,DECRETO DI ACCREDITAMENTO,via Iperione 11 ,ROMA,00133,41.87846,12.61933
236,136,102 RM/B,CARDIOLOGIA CAPITOLINA DOTT. CASELLI S.R.L.,01522101003,CARDIOLOGIA CAPITOLINA DOTT. CASELLI S.R.L.,U00140/12,DECRETO DI ACCREDITAMENTO,"L.go Giulio Capitolino, 9",ROMA,00174,41.8534327,12.5644838
239,222,102 RM/B,CASA DI CURA GUARNIERI S.R.L.,08587551006,CASA DI CURA GUARNIERI E AMBULATORI,U00354/14,DECRETO DI ACCREDITAMENTO,Via Tor De' Schiavi 139,ROMA,00172,41.891813,12.5577782
259,568,102 RM/B,CASTELLO DELLA QUIETE S.P.A,01322141001,R.S.A + CDC NPS -  CASTELLO DELLA QUIETE ,U00350/14,DECRETO DI ACCREDITAMENTO,Via di Tor Cervara 112,ROMA,00155,41.92408340000001,12.5879673
267,967,102 RM/B,CEDIT CENTRO DIAGNOSTICO TIBURTINO SRL,01320571001,CEDIT CENTRO DIAGNOSTICO TIBURTINO SRL,U00144/12,DECRETO DI ACCREDITAMENTO,VIA TIBURTINA 364,ROMA,00159,41.9081008,12.5357959
289,1352,102 RM/B,CENTRO ALESSANDRINO DI FISIOKINESITERAPIA E GINNASTICA MEDICA SNC,01142801008,STRUTTURA AMBULATORIALE CENTRO ALESSANDRINO DI FISIOKINESITERAPIA E GINNASTICA MEDICA SNC,U00152/12,DECRETO DI ACCREDITAMENTO,via G.B. Delponte 12/14,ROMA,00172,41.8766069,12.5782642
317,1161,102 RM/B,CENTRO DIAGNOSTICO GIARDINETTI,05878951002,CENTRO DIAGNOSTICO GIARDINETTI S.R.L.,U00124/12,DECRETO DI ACCREDITAMENTO,VIA CARLO SANTARELLI 98,ROMA,00133,41.8611463,12.6064554
318,428,102 RM/B,CENTRO FISIATRIA RIABILITAZIONE S.R.L.,01006931008,STRUTTURA AMBULATORIALE CENTRO FISIATRIA RIABILITAZIONE S.R.L.,U00399/12,DECRETO DI ACCREDITAMENTO,Via dei Pioppi n. 6,ROMA,00172,41.87732,12.56739
323,423,102 RM/B,CENTRO ITALIANO DI SOLIDARIETÀ DON MARIO PICCHI,02151521008,"CE.I.S. DON MARIO PICCHI ""VIA APPIA NUOVA""",U00384/14,DECRETO DI ACCREDITAMENTO,Via Appia Nuova 1251,ROMA,00174,41.82083,12.56644
327,1928,102 RM/B,CENTRO PERMANENTE DI PREVENZIONE ALLE TOSSICODIPENDENZE,04678391006,CENTRO PERMANENTE DI PREVENZIONE ALLE TOSSICODIPENDENZE,U00411/14,DECRETO DI ACCREDITAMENTO,Via di Pietralatella snc,ROMA,00159,41.9036749,12.5441446
355,1635,102 RM/B,COMUNITA' CAPODARCO DI ROMA ONLUS,04945851006,PRESIDIO MULTIFUNZIONE COMUNITÀ CAPODARCO DI ROMA,"U00070/13
U00143/13
U00212/14",DECRETO DI ACCREDITAMENTO,via lungro 3,ROMA,00178,41.83814,12.5529823
370,1031,102 RM/B,DALC  S.R.L.,01313291005,DALC SRL,U00443/12,DECRETO DI ACCREDITAMENTO,VIA DI TOR VERGATA 1,ROMA,00133,41.8625707,12.6203815
373,1497,102 RM/B,DELTA RX S.R.L.,04181511009,DELTA RX S.R.L.,U00375/12,DECRETO DI ACCREDITAMENTO,via IPERIONE 9,ROMA,00133,41.8784591,12.6193512
393,1727,102 RM/B,DIAGNOSTICA BASIL SRL,04307351009,DIAGNOSTICA BASIL SRL,"U00272/12
U00048/14",DECRETO DI ACCREDITAMENTO,Via del casale di  san basilio 256,ROMA,00156,41.9354874,12.5824748
398,81,102 RM/B,DIAGNOSTICA NOBILIORE SRL,01500211006,STRUTTURA AMBULATORIALE DIAGNOSTICA NOBILIORE S.R.L.,U00008/13,DECRETO DI ACCREDITAMENTO,Viale Marco Fulvio Nobiliore 43,ROMA,00175,41.8576425,12.5633503
399,657,102 RM/B,DIDASCO SOCIETÀ COOPERATIVA SOCIALE,04795971003,DIDASCO SOCIETA COOPERATIVA SOCIALE,U00391/12,DECRETO DI ACCREDITAMENTO,via pescosolido 160,ROMA,00158,41.918306,12.5620651
406,1573,102 RM/B,DOMUS MEDICA - SRL,01315941003,DOMUS MEDICA SRL,U00371/12,DECRETO DI ACCREDITAMENTO,VIA DEI CASTANI 170,ROMA,00172,41.8863007,12.5662862
432,793,102 RM/B,F.K.T. S.R.L.,01017861004,PRESIDIO AMBULATORIALE F.K.T. SRL,U00475/12,DECRETO DI ACCREDITAMENTO,"Via delle Robinie, 1/b",ROMA,00172,41.8829547,12.5613263
435,948,102 RM/B,F.K.T. SALVETTI SRL,01110831003, STRUTTURA AMBULATORIALE F.K.T. SALVETTI SRL,U00123/12,DECRETO DI ACCREDITAMENTO,"Piazza degli Ontani, 11",ROMA,00172,41.8791065,12.5711016
436,1656,102 RM/B,FISIOCARD SRL,01493041006,CENTRO MEDICO POLISPECIALISTICO FISIOCARD,"U00308/12
U00198/13
U00284/13",DECRETO DI ACCREDITAMENTO,"VIA FRANCESCO TOVAGLIERI, 19",ROMA,00155,41.88263,12.5888172
442,1066,102 RM/B,FISIOMICHELMARIA S.R.L.,07738671002,FISIOMICHELMARIA SRL,"U00098/12
U00058/14",DECRETO DI ACCREDITAMENTO,VIA DEL FORTE TOBURTINO 98,ROMA,00159,41.9084078,12.5585964
454,1268,102 RM/B,FISIOTUSCOLANO S.R.L.,01525841001,RIABILITAZIONE,U00095/12,DECRETO DI ACCREDITAMENTO,Via Tuscolana 683,ROMA,00174,41.85221079999999,12.5696612
456,1912,102 RM/B,GESTIONE ROMANA OSPEDALIERA S.R.L.,01093511002,RSA VILLA MENDICINI,U00306/13,DECRETO DI ACCREDITAMENTO,Via degli Olmi 55,ROMA,00172,41.87883,12.57631
463,177MP,102 RM/B,GIUNONE SPA CON SOCIO UNICO,01492761000,VILLA FULVIA - RSA APPIA FELICE,"U00122/13
U00176/14",DECRETO DI ACCREDITAMENTO,VIA APPIA NUOVA 901,ROMA,00178,41.84197,12.55147
484,1197,102 RM/B,HERZLABOR S.R.L.,01672276100, HERZLABOR S.R.L.,U00483/12,DECRETO DI ACCREDITAMENTO,"via Giuseppe Rondinini, 7",ROMA,00159,41.9082606,12.5365745
492,549,102 RM/B,I.M.P.P. LA NOSTRA SCUOLA,01256091008,I.M.P.P. LA NOSTRA SCUOLA,U00016/13,DECRETO DI ACCREDITAMENTO,VIA ACERENZA 35,ROMA,00178,41.84108,12.5530839
507,1690,102 RM/B,ISTITUTO FILIPPO SMALDONE,01093321006,RIABILITAZIONE,U00307/13,DECRETO DI ACCREDITAMENTO,"Via Tor de' Schiavi, n° 404",ROMA,00171,41.891813,12.5577782
523,608,102 RM/B,ISTITUTO NEUROTRAUMATOLOGICO ITALIANO SPA,01009381003,INI CENTOCELLE,U00377/14,DECRETO DI ACCREDITAMENTO,"Via dei Castani, 183-185",ROMA,00171,41.8844271,12.5666152
540,1576,102 RM/B,ISTITUTO RADIOLOGICO TIBURTINO S.R.L.,01242741005,STRUTTURA AMBULATORIALE ISTITUTO RADIOLOGICO TIBURTINO SRL,"U00486/12
U00156/13",DECRETO DI ACCREDITAMENTO,Via Palmiro Togliatti 1640 ,ROMA,00155,41.9130271,12.5711311
541,1063,102 RM/B,LABOCONSULT SRL,01173631001,STRUTTURA AMBULATORIALE LABOCONSULT SRL,U00370/12,DECRETO DI ACCREDITAMENTO,VIA TROILO IL GRANDE 55,ROMA,00131,41.9479926,12.6010241
559,482,102 RM/B,LABOMEDICA S.R.L.,01232211001,LABOMEDICA_GIULIO_AGRICOLA_33,U00029/13,DECRETO DI ACCREDITAMENTO,Viale Giulio Agricola 33,ROMA,00174,41.85598,12.56208
566,1288,102 RM/B,LABORATORIO ANALISI CLINICHE ANNIBALIANO S.R.L.,01378331001,STRUTTURA AMBULATORIALE LABORATORIO ANALISI CLINICHE ANNIBALIANO S.R.L.,"U00258/12
U00330/14",DECRETO DI ACCREDITAMENTO,VIA CASAL BIANCO N. 141,ROMA,00131,41.94164,12.62851
569,1299,102 RM/B,LABORATORIO ANALISI CLINICHE GIGLIOLI SRL,01386841009,LABORATORIO ANALISI CLINICHE GIGLIOLI S.R.L.,U00050/12,DECRETO DI ACCREDITAMENTO,Via Domenico De Dominicis 39,ROMA,00159,41.90201589999999,12.5353544
575,1486,102 RM/B,LABORATORIO ANALISI CLINICHE IPERIONE S.R.L.,01222241000,LABORATORIO ANALISI CLINICHE IPERIONE S.R.L.,U00105/12,DECRETO DI ACCREDITAMENTO,via Amico Aspertini 109/111,ROMA,00133,41.8758341,12.6274534
586,1433,102 RM/B,LABORATORIO ANALISI CLINICHE PASTEUR SRL,03955921006,STRUTTURA AMBULATORIALE LABORATORIO ANALISI CLINICHE PASTEUR SRL,"U00329/12
U00176/13
U00258/14",DECRETO DI ACCREDITAMENTO,VIA MONTECASSIANO 157,ROMA,00156,41.943334,12.5716681
592,30,102 RM/B,LABORATORIO ANALISI CLINICHE TIBURTINO SRL,01062681000,LABORATORIO ANALISI CLINICHE - POLIAMBULATORIO,"U00260/12
U00277/13
U00201/14",DECRETO DI ACCREDITAMENTO,Viale Fernando Santi 38,ROMA,00155,41.912323,12.5667384
598,55,102 RM/B,LABORATORIO ANALISI LEPETIT SRL,04881320586,LABORATORIO ANALISI LEPETIT SRL,"U00062/12
U00092/13",DECRETO DI ACCREDITAMENTO,VIA FRANCESCO TOVAGLIERI 19,ROMA,00155,41.88263,12.5888172
599,1276,102 RM/B,LABORATORIO ANALISI PER LA DIAGNOSTICA MEDICA QUARTO MIGLIO S.R.L. UNIPERSONALE,01254201005,LABORATORIO ANALISI PER LA DIAGNOSTICA MEDICA QUARTO MIGLIO S.R.L. UNIPERSONALE,"U00130/12
U00327/14",DECRETO DI ACCREDITAMENTO,"Via Pozzobonelli, 8",ROMA,00178,41.84307,12.54884
620,1107,102 RM/B,LABORATORIO DI PATOLOGIA CLINICA EMMEPI SRL,01357611001,LABORATORIO DI PATOLOGIA CLINICA EMMEPI SRL,U00112/12,DECRETO DI ACCREDITAMENTO,Viale Spartaco 138,ROMA,00174,41.85502,12.56005
632,1028,102 RM/B,LABORATORIO DI VIA DIEGO ANGELI SRL,02150821003,LABORATORIO DI VIA DIEGO ANGELI SRL,U00261/12,DECRETO DI ACCREDITAMENTO,"VIA DIEGO ANGELI, 173",ROMA,00159,41.9063668,12.5513436
647,363,102 RM/B,LABORATORIO DIAGNOSTICO 'MARCELLO MALPIGHI'  S.R.L.,01237361009,STRUTTURA AMBULATORIALE LABORATORIO DIAGNOSTICO M. MALPIGHI S.R.L.,U00056/13,DECRETO DI ACCREDITAMENTO,"Via Tuscolana, 703",ROMA,00174,41.8615833,12.5543741
651,1726,102 RM/B,LABORATORIO FRACASTORO SRL,01309421004,LABORATORIO FRACASTORO SRL,"U00377/12
U00243/13",DECRETO DI ACCREDITAMENTO,Via Giuseppe Albanese Ruffo 40-46,ROMA,00173,41.85078000000001,12.59194
664,425,102 RM/B,LABORATORIO IRIS SRL,01295511008,LABORATORIO IRIS SRL,"U00397/12
U00369/13",DECRETO DI ACCREDITAMENTO,VIA DEI CASTANI 236,ROMA,00171,41.8880536,12.5656973
677,361,102 RM/B,MEDICAL RAY SRL,01557321005,MEDICAL RAY,"U00111/12
U00179/14",DECRETO DI ACCREDITAMENTO,VIA CARLO MEZZACAPO 49-55,ROMA,00159,41.8989084,12.5344471
702,1485,102 RM/B,MYCETE S.R.L.,01504211002, MYCETE S.R.L.,U00051/12,DECRETO DI ACCREDITAMENTO,VIA SAN POLO DEI CAVALIERI 20,ROMA,00159,41.9082023,12.5439427
703,1494,102 RM/B,NAMUSA ANALISI SRL,01039591001,NAMUSA ANALISI SRL,U00139/12,DECRETO DI ACCREDITAMENTO,VIA AUFIDIO NAMUSA 150-148-146-144,ROMA,00169,41.87152,12.57623
712,50,102 RM/B,OPERA MADONNA DIVINO AMORE SECONDA SRL,02118321005,CASA DI CURA - CENTRO DIAGNOSTICO - FISIOKINESITERAPIA OPERA  MADONNA DIVINO AMORE SECONDA SRL,U00093/14,DECRETO DI ACCREDITAMENTO,Via Casilina 1835/F,ROMA,00132,41.8627183,12.683953
717,721,102 RM/B,PIETRALATA S.R.L.,01005581002,PIETRALATA S.R.L.,"U00030/13
U00247/13",DECRETO DI ACCREDITAMENTO,Via dei Durantini n.¿ 360/366,ROMA,00157,41.9196828,12.545993
725,1636,102 RM/B,Synlab Lazio Srl,12337751007,Synlab Lazio Srl,"U00049/12
U00205/14",DECRETO DI ACCREDITAMENTO,VIA DI TORRENOVA 142 A,ROMA,00133,41.8731579,12.6187239
762,1004,102 RM/B,PRO.DI.LAB. S.R.L.,01376181002,PRO.DI.LAB. S.R.L.,U00484/12,DECRETO DI ACCREDITAMENTO,Via Casilina n.° 1838 ,ROMA,00132,,
764,1179,102 RM/B,RA.CI. S.N.C.,01350601009,RA.CI. S.N.C.,U00275/12,DECRETO DI ACCREDITAMENTO,PIAZZA DI CINECITTA',ROMA,00174,41.8526439,12.5692478
771,1674,102 RM/B,RADIOLOGIA COLLI ANIENE S.R.L.,01608071005,RADIOLOGIA COLLI ANIENE S.R.L.,U00159/14,DECRETO DI REVOCA,Viale Marx n. 203,ROMA,00156,41.9387872,12.5621094
772,1202,102 RM/B,RADIOLOGIA VILLA CHIGI S.R.L.,01664071006,RADIOLOGIA VILLA CHIGI ,U00020/13,DECRETO DI ACCREDITAMENTO,"via tenuta del casalotto, 55/m",ROMA,00118,41.8166924,12.6110467
776,412,102 RM/B,RAGGIO DI SOLE ONLUS,03523381006,RAGGIO DI SOLE ONLUS - PRESIDIO RIABILITAZIONE SEMI E RESIDENZIALE,U00216/14,DECRETO DI ACCREDITAMENTO,VIA PUBLIO DE TOMMASI 21,ROMA,00155,41.90979249999999,12.6144953
778,192,102 RM/B,RMX RADIOLOGIA MEDICA SRL,01551751009,RADIODIAGNOSTICA,U00318/12,DECRETO DI ACCREDITAMENTO,viale fernando santi 48/50,ROMA,00155,41.912323,12.5667384
799,591,102 RM/B,RX SONIC SRL,01335911002,RX SONIC,U00055/13,DECRETO DI ACCREDITAMENTO,VIA DEI GLICINI 119/B,ROMA,00172,41.8793501,12.5698142
811,662,102 RM/B,RX.C.A. S.R.L.,01110841002,RX.C.A. S.R.L.,U00371/13,DECRETO DI ACCREDITAMENTO,Via Dei Glicini n. 93,ROMA,00172,41.87960409999999,12.5673662
817,1233,102 RM/B,SAN FELICE S.R.L,01302791007,SAN FELICE  ANALISI CLINICHE S.R.L,U00217/12,DECRETO DI ACCREDITAMENTO,VIA MIRABELLA ECLANO n° 27,ROMA,00132,41.89185,12.63168
835,1828,102 RM/B,SAN MICHELE ARCANGELO S.P.A.,06040221001,SAN MICHELE ARCANGELO SPA,"U00263/13
U00381/14",DECRETO DI ACCREDITAMENTO,VIA DEI SESTILI 18,ROMA,00174,41.8632561,12.5458747
860,1346,102 RM/B,SERVIZI INTERCOMUNALI SAS DI MASTROVINCENZO MAURO & C.,05716021000,SERVIZI INTERCOMUNALI,U00356/14,DECRETO DI ACCREDITAMENTO,Via Casilina 1750,ROMA,00133,41.86409219999999,12.6659604
874,1332,102 RM/B,SIAR SOCIETÀ COOPERATIVA SOCIALE A R.L.,05384621008,ALESSANDRINO,U00311/13,DECRETO DI ACCREDITAMENTO,"Via delle Susine, 87",ROMA,00172,41.880301,12.5794595
891,199,102 RM/B,STRATI MARIA,00775461007, DOTT.SSA STRATI MARIA ,U00221/12,DECRETO DI ACCREDITAMENTO,Via Casale del Finocchio 2,ROMA,00132,41.8636955,12.691495
908,443,102 RM/B,STUDIO DIAGNOSTICO CIAMARRA 2000 S.R.L.,01515051009,STUDIO DIAGNOSTICO CIAMARRA 2000 S.R.L.,U00121/12,DECRETO DI ACCREDITAMENTO,viale bruno rizzieri 203,ROMA,00173,41.8529393,12.5902903
913,630,102 RM/B,STUDIO RADIODIAGNOSTICO DR. VINCENZO GIOVINAZZO S.N.C.,01765811003,STUDIO RADIODIAGNOSTICO DR. VINCENZO GIOVINAZZO S.N.C.,"U00481/12
U00362/13",DECRETO DI ACCREDITAMENTO,VIA CIPRIANO FACCHINETTI 129,ROMA,00159,41.905956,12.5498251
921,1212,102 RM/B,STUDIO RADIOLOGICO CASILINO SRL,01875781005,STUDIO RADIOLOGICO CASILINO SRL,"U00003/13
U00360/13",DECRETO DI ACCREDITAMENTO,"PIAZZA SAN FELICE DA CANTALICE, 12",ROMA,00172,41.8768696,12.5662212
924,1786,102 RM/B,STUDIO RADIOLOGICO DI C. E G. PAROLA SRL,01525961007,STRUTTURA AMBULATORIALE STUDIO RADIOLOGICO DI C. E G. PAROLA SRL,U00083/13,DECRETO DI ACCREDITAMENTO,Via del Fuoco Sacro 136,ROMA,00133,41.8659048,12.643706
930,1246,102 RM/B,STUDIO RADIOLOGICO GUERRISI S.R.L.,04387721006,STUDIO RADIOLOGICO GUERRISI S.R.L.,"U00398/12
U00187/13",DECRETO DI ACCREDITAMENTO,VIA TIBURTINA 572,ROMA,00159,41.9085274,12.5434861
931,180,102 RM/B,STUDIO RADIOLOGICO MINERVA SRL,01926361005,STUDIO RADIOLOGICO MINERVA  SRL,U00059/12,DECRETO DI ACCREDITAMENTO,via a aspertini 115,ROMA,00133,41.8756415,12.6273429
953,671,102 RM/B,STUDIO RADIOLOGICO PANTARAY,01810831006,STUDIO RADIOLOGICO PANTARAY,U00321/12,DECRETO DI ACCREDITAMENTO,VIA DEI CASTANI 170,ROMA,00171,41.8863007,12.5662862
955,409,102 RM/B,TE.RI.,01000571008,TE.RI. ,U00158/13,DECRETO DI ACCREDITAMENTO,via Renato Simoni 31,ROMA,00157,41.9092302,12.5388601
967,277,102 RM/B,TERAPIA FISICA E RIABILITAZIONE S.R.L.,01005741002,TERAPIA FISICA E RIABILITAZIONE S.R.L.,U00230/12,DECRETO DI ACCREDITAMENTO,"via dei Monti di Pietralata, 35-37-39-39a; via I.C. Falbo,3",ROMA,00157,41.91079999999999,12.5365296
971,2624,102 RM/B,VILLA ALBA S.R.L.,01707861009,VILLA ALBA ROMA - VIA CASILINA,U00089/14,DECRETO DI ACCREDITAMENTO,"Via Casilina, 1290",ROMA,00133,41.8639521,12.6069407
973,1738,102 RM/B,VILLA TUSCOLANA S.R.L.,00884431008,VILLA TUSCOLANA S.R.L.,U00430/13,DECRETO DI ACCREDITAMENTO,CIRCONVALLAZIONE TUSCOLANA 16,ROMA,00174,41.85206,12.569
982,429,102 RM/B,ZANGRILLI LUIGI,05613730588,DOTT. LUIGI ZANGRILLI,U00129/12,DECRETO DI ACCREDITAMENTO,via dei Castani 170,ROMA,00171,41.8863007,12.5662862
1028,5850,102 RM/B,LUSAN S.R.L.,05888541009,RSA RESIDENZA MAGNOLIA,U00206/14,DECRETO DI ACCREDITAMENTO,"VIA MONTEPRANDONE, 65",ROMA,00132,41.9146292,12.7267541
1029,5653,102 RM/B,CENTRO RICERCHE PATOLOGIA CLINICA SRL,01323861003,RSA LONGONI *2,"U00339/13
U00382/14",DECRETO DI ACCREDITAMENTO,Via Emilio Longoni 69,ROMA,00155,41.89921580000001,12.6031997
869,1159,103 RM/C,A.L.M. ASSOCIAZIONE LAZIALE MOTULESI ONLUS,01128631007,A.L.M. ONLUS CENTRO DI RIABILITAZIONE   PAPA GIOVANNI XXIII,"U00320/13
U00395/13
U00064/14",DECRETO DI ACCREDITAMENTO,VIALE ALDO BALLARIN 106/108,ROMA,00142,41.8371557,12.4976033
843,727,103 RM/C,CAN.BI.AS. LABORATORIO ANALISI CLINICHE CARAVAGGIO SRL,01028301008,POLIAMBULATORIO SPECIALISTICO ,"U00460/12
U00063/13
U00393/13
U00362/14",DECRETO DI ACCREDITAMENTO,Via Accademia degli Agiati n.65,ROMA,00147,41.8506302,12.4906912
954,950,103 RM/C,ALEMAR IMMAGINI DIAGNOSTICHE S.R.L.,04288951009,ALEMAR IMMAGINI DIAGNOSTICHE S.R.L.,U00021/13,DECRETO DI ACCREDITAMENTO,"Via accademia degli agiati, 67",ROMA,00147,41.85069,12.49044
448,1199,103 RM/C,ANALISI CLINICHE DR. NATALINI RICCARDO,10823831002,ANALISI CLINICHE DR. NATALINI RICCARDO,U00397/14,DECRETO DI REVOCA,via teano 233,ROMA,00177,41.8895367,12.55014
950,928,103 RM/C,ANALISI CLINICHE MALATESTA,01044081006,STRUTTURA AMBULATORIALE ANALISI CLINICHE MALATESTA SAS DI DONATO PICCOLELLI,U00058/12,DECRETO DI ACCREDITAMENTO,VIA RENZO DA CERI 196,ROMA,00176,41.88669489999999,12.5384647
61,1229,103 RM/C,ANALISI CLINICHE PAVESE S.R.L.,06230931005,ANALISI CLINICHE PAVESE SRL,U00176/12,DECRETO DI ACCREDITAMENTO,Viale Cesare Pavese n.410,ROMA,00144,41.8182363,12.4681678
744,903,103 RM/C,BIOMEDICAL S.R.L.,07668941003,BIOMEDICAL S.R.L.,U00193/12,DECRETO DI ACCREDITAMENTO,Via Paolo di Dono n.° 9,ROMA,00142,,
866,1111,103 RM/C,BIOROMA SRL,01252371008,BIOROMA SRL,U00097/12,DECRETO DI ACCREDITAMENTO,VIA PISINO 159H,ROMA,00177,41.8991699,12.5602053
413,926,103 RM/C,BIOTEST TUSCOLO S.R.L.,01361411000,STRUTTURA AMBULATORIALE BIOTEST TUSCOLO SRL,U00251/12,DECRETO DI ACCREDITAMENTO,VIA OLEVANO ROMANO 220,ROMA,00171,41.8911457,12.5554878
621,617,103 RM/C,BOMPIANI S.R.L.,01101091005,STRUTTURA AMBULATORIALE BOMPIANI S.R.L.,U00369/12,DECRETO DI ACCREDITAMENTO,Via Benedetto Bompiani 20,ROMA,00147,41.8584274,12.5037126
150,1438,103 RM/C,C.R.C. BALBUZIE S.R.L.,06936541009,C.R.C. BALBUZIE SRL,"U00199/13
U00412/13",DECRETO DI ACCREDITAMENTO,Viale Beethoven 56,ROMA,00144,41.8320356,12.4660497
388,884,103 RM/C,CAFFARO FISIOKINESITERAPICO  SRL,04483661007,CAFFARO FISIOKINESITERAPICO SRL,U00052/12,DECRETO DI ACCREDITAMENTO,via Caffaro 127 - 133,ROMA,00154,41.86649999999999,12.48588
730,547,103 RM/C,CAN.BI.AS. LABORATORIO ANALISI CLINICHE CARAVAGGIO SRL,01028301008,CAN.BI.AS. LABORATORIO ANALISI CLINICHE CARAVAGGIO SRL,"U00200/12
U00362/14",DECRETO DI ACCREDITAMENTO,VIA ACCADEMIA DEGLI AGIATI N.65,ROMA,00147,41.8506302,12.4906912
993,37,103 RM/C,CASA DI CURA VILLA ANNA MARIA SRL,04650081005,CASA DI CURA VILLA ANNA MARIA SRL,U00104/14,DECRETO DI ACCREDITAMENTO,VIA SATURNIA 25,ROMA,00183,41.8798155,12.5064458
959,345,103 RM/C,CASILINO LAB SRL,01318831003,PRESIDIO DI DIAGNOSTICA DI LABORATORIO,U00172/12,DECRETO DI ACCREDITAMENTO,Via Cina n. 42,ROMA,00144,41.8157842,12.4369762
594,28,103 RM/C,CEDILAB S.R.L.,01040691006,CEDILAB (LABORATORIO GENERALE DI BASE),U00469/12,DECRETO DI ACCREDITAMENTO,"VIA CERRETO DI SPOLETO, 9",ROMA,00181,41.8772496,12.5258225
133,1257,103 RM/C,CENTRO DI RIABILITAZIONE IST. FIGLIE S.M. DELLA DIV. PROVV. 'CASA SANTA ROSA',01062811003,CASA SANTA ROSA,U00045/14,DECRETO DI ACCREDITAMENTO,"Via Appia Antica, 203",ROMA,00178,41.84554,12.52798
609,414,103 RM/C,CENTRO DI RIABILITAZIONE VACLAV VOJTA SOCIETÀ COOPERATIVA,01190961001,CENTRO DI RIABILITAZIONE VACLAV VOJTA,U00301/13,DECRETO DI ACCREDITAMENTO,Via Salvatore Pincherle 186,ROMA,00146,41.8535854,12.4672096
619,593,103 RM/C,CENTRO DIAGNOSTICO S.R.L.,04805981000,CENTRO DIAGNOSTICO S.R.L.,"U00399/13
U00286/14",DECRETO DI ACCREDITAMENTO,"Via F. A. Pigafetta, 1",ROMA,00154,41.87012379999999,12.4845546
709,225,103 RM/C,CENTRO ITALIANO DI SOLIDARIETÀ DON MARIO PICCHI,02151521008,"CE.I.S. DON MARIO PICCHI ""VIA AMBROSINI"" ",U00286/13,DECRETO DI ACCREDITAMENTO,Via Attilio Ambrosini 129 ,ROMA,00147,41.8498957,12.4909531
200,75,103 RM/C,CENTRO REGIONALE S. ALESSIO - MARGHERITA DI SAVOIA PER I CIECHI,02042591004,CENTRO REGIONALE S. ALESSIO MARGHERITA DI SAVOIA PER I CIECHI,U00135/14,DECRETO DI ACCREDITAMENTO,"VIALE CARLO TOMMASO ODESCALCHI, 38",ROMA,00147,41.8564806,12.5006576
512,875,103 RM/C,CENTRO RICERCHE PATOLOGIA CLINICA SRL,01323861003,CENTRO RICERCHE PATOLOGIA CLINICA,"U00402/12
U00217/13",DECRETO DI ACCREDITAMENTO,Viale Città d' Europa 664,ROMA,00144,41.82022509999999,12.4515582
300,1689,103 RM/C,CER.LAB. S.R.L.,01253611006,STRUTTURA AMBULATORIALE CER.LAB. S.R.L. LABORATORIO ANALISI,"U00389/12
U00305/13",DECRETO DI ACCREDITAMENTO,Via Cerveteri n 14,ROMA,00183,41.8817154,12.5123435
781,1603,103 RM/C,CER.LAB. S.R.L.,01253611006,STRUTTURA AMBULATORIALE CER.LAB. S.R.L. DIALISI,U00409/14,DECRETO DI ACCREDITAMENTO,Vicolo Tuscolano n. 28,ROMA,00181,41.8672142,12.5388639
604,935,103 RM/C,CHEA SRL,01233361003,LABORATORIO ANALISI CLINICHE,U00294/12,DECRETO DI ACCREDITAMENTO,Via Sermoneta 14-16,ROMA,00179,41.867468,12.5312709
79,282,103 RM/C,CLINICA LATINA S.P.A.,01069901005,CLINICA LATINA S.P.A.,U00034/14,DECRETO DI ACCREDITAMENTO,VIA VULCI N. 16,ROMA,00183,41.8776264,12.5041285
972,445,103 RM/C,COOPERATIVA CIR ONLUS,05517731005,COMUNITA' CASA D'ORO,U00483/13,DECRETO DI ACCREDITAMENTO,VICOLO CASILINO N. 5,ROMA,00177,41.8803561,12.5431131
251,68,103 RM/C,DIAVERUM ITALIA S.R.L.,02243300361,DIAVERUM ITALIA S.R.L. - ROMA,U00445/13,DECRETO DI ACCREDITAMENTO,Via Vincenzo cerulli n. 2/b,ROMA,00144,41.82470379999999,12.4912308
901,1662,103 RM/C,DR. GELLINI MASSIMO,02009110582,DR. GELLINI MASSIMO,U00177/12,DECRETO DI ACCREDITAMENTO,PIAZZA SULMANA 4,ROMA,00182,41.882981,12.5133525
142,1341,103 RM/C,EMATOLAB SNC,01055631004,EMATOLAB SNC,"U00162/12
U00148/13
U00295/13",DECRETO DI ACCREDITAMENTO,via francesco laparelli 64/66,ROMA,00176,41.8797494,12.5394753
943,147,103 RM/C,ESPERANTO SOCIETA COOPERATIVA SOCIALE,04699631000,ESPERANTO,U00200/13,DECRETO DI ACCREDITAMENTO,Viale dell'Esperanto 58,ROMA,00144,41.8268246,12.4627731
157,1599,103 RM/C,F.E.N.I.G. SRL SOCIETÀ UNIPERSONALE,02938490584,CASA DI CURA ADDOMINALE EUR - KAROL WOITILA HOSPITAL AMBULATORI - PRESIDIO TECNICO ORGANIZZATIVO,U00343/13,DECRETO DI ACCREDITAMENTO,"Viale Africa, 32",ROMA,00144,41.82481749999999,12.477152
95,529,103 RM/C,FISIO EUROPA S.N.C. DI CARLO BIANCO & C.,04128191006,FISIO EUROPA S.N.C. DI CARLO BIANCO & C.,U00339/12,DECRETO DI ACCREDITAMENTO,VIALE DELL'UMANESIMO 308,ROMA,00144,41.8279536,12.4610203
208,201,103 RM/C,FISIO.CAST. SRL,05701431008,FISIO.CAST S.R.L. AMBULATORIO,U00047/12,DECRETO DI ACCREDITAMENTO,Via Taranto 90,ROMA,00182,41.8840779,12.5163365
344,293,103 RM/C,FISIOKINESITERAPIA S.R.L.,01320121005,FISIOKINESITERAPIA SRL,"U00066/12
U00008/14",DECRETO DI ACCREDITAMENTO,VIA ALTAVILLA IRPINA 17,ROMA,00177,41.89073,12.55183
397,1138,103 RM/C,FISIONIR SRL,04684931001,STRUTTURA AMBULATORIALE FISIONIR,U00202/12,DECRETO DI ACCREDITAMENTO,Via Leonardo Umile 33,ROMA,00144,41.8066269,12.444949
283,1517,103 RM/C,FISIOSEMERIA S.R.L.,04795090580,STRUTTURA AMBULATORIALE FISIOSEMERIA SRL,"U00254/12
U00046/14",DECRETO DI ACCREDITAMENTO,"VIA GUGLIELMO CIAMARRA, 34",ROMA,00154,41.86854049999999,12.4940999
361,456,103 RM/C,FONDAZIONE SANTA LUCIA IRCCS,05692831000,FONDAZIONE SANTA LUCIA IRCCS - CELEBRO LESIONI GRAVI,"U00532/13
U00108/14",DECRETO DI ACCREDITAMENTO,VIA ARDEATINA 306,ROMA,00179,41.84321,12.51553
837,567,103 RM/C,GABINETTO FISIOKINESITERAPIA CORIOLANO S.R.L.,01328061005,GABINETTO FISIOKINESITERAPIA CORIOLANO S.R.L.,U00160/12,DECRETO DI ACCREDITAMENTO,VIA CORIOLANO 40,ROMA,00181,41.8731369,12.5274168
136,1284,103 RM/C,Gamma s.r.l.,01159621000,PRESIDIO DI LABORATORIO GAMMA DI LUCA MARINO SNC,"U00056/12
U00332/12
U00145/13",DECRETO DI ACCREDITAMENTO,"Via Francesco Patrizio da Cherso, 10",ROMA,00143,41.8224782,12.5076176
217,326,103 RM/C,ITALO AMERICAN ORTOPEDIC S.R.L.,00958691008,ITALO AMERICAN ORTOPEDIC SRL,U00246/12,DECRETO DI ACCREDITAMENTO,Via Cividale del Friuli n.7a,ROMA,00183,41.87717,12.51727
11,1247,103 RM/C,LABORATORIO ANALISI CLINICHE PRENESTE S.R.L.,00990101008,STRUTTURA AMBULATORIALE LABORATORIO ANALISI CLINICHE PRENESTE SRL,U00167/12,DECRETO DI ACCREDITAMENTO,via prenestina 240,ROMA,00176,41.89239999999999,12.54042
235,653,103 RM/C,LABORATORIO ANALISI TRE PINI SRL,01335141006,STRUTTURA AMBULATORIALE LABORATORIO TRE PINI SRL,U00199/12,DECRETO DI ACCREDITAMENTO,VIA ASCANIO VITOZZI 50,ROMA,00128,41.7859882,12.4311948
102,656,103 RM/C,LABORATORIO ANALISI ZAFFINO S.R.L.,01317781001,LABORATORIO ANALISI ZAFFINO S.R.L.,U00185/12,DECRETO DI ACCREDITAMENTO,via mirandola 29,ROMA,00182,41.8818685,12.5241117
481,370,103 RM/C,LABORATORIO OSTIENSE S.R.L.,01311651002,LABORATORIO ANALISI,U00038/13,DECRETO DI ACCREDITAMENTO,VIA OSTIENSE 38 F/G/H,ROMA,00154,41.8734064,12.4801917
479,351,103 RM/C,MAZ MEDICAL SRL,01259851002,MAZ MEDICAL ,U00110/12,DECRETO DI ACCREDITAMENTO,VIA PIETRO SENSINI 38 - 46,ROMA,00176,41.8835564,12.5359456
669,1521,103 RM/C,MEDICAL ACTA S.R.L. - SOCIETÀ UNIPERSONALE,01310551005,STRUTTURA AMBULATORIALE MEDICAL ACTA - SRL UNIPERSONALE,"U00263/12
U00274/14",DECRETO DI ACCREDITAMENTO,viale della serenissima 22,ROMA,00177,41.8955734,12.5591481
754,1145,103 RM/C,MEDICAL RESEARCH S.R.L.,01734621004,MEDICAL RESEARCH S.R.L.,"U00373/12
U00180/13",DECRETO DI ACCREDITAMENTO,VIA TEODORO MOMMSEN 45,ROMA,00179,41.867129,12.5279131
498,560,103 RM/C,MESSANA SRL,01354221002,MESSANA SRL,U00067/12,DECRETO DI ACCREDITAMENTO,"VIA GALLIA, 60",ROMA,00183,41.88125429999999,12.5021774
250,872,103 RM/C,MR 3000 SRL,05201941001,MR3000 SRL,"U00299/12
U00228/13",DECRETO DI ACCREDITAMENTO,via Raffaele De Cesare 6,ROMA,00179,41.8735394,12.5239674
201,19,103 RM/C,NAMUR SRL,07715081001,POL.RIO POLISP.CO MADONNA DELLA FIDUCIA ,"U00112/13
U00415/13",DECRETO DI ACCREDITAMENTO,"via Mantellini, 3",ROMA,00179,41.874,12.51673
980,668,103 RM/C,NEUROLOGICAL CENTRE OF LATIUM - ISTITUTO DI NEUROSCIENZE S.R.L.,08239981007,NEUROLOGICAL CENTRE OF LATIUM ISTITUTO DI NEUROSCIENZE - RSA R2,U00486/13,DECRETO DI ACCREDITAMENTO,Via Patrica n 15,ROMA,00177,41.8666721,12.5412416
595,119,103 RM/C,NIKE 85 SRL,01715311005,NIKE 85 SRL,U00057/12,DECRETO DI ACCREDITAMENTO,"Via Francesco Patrizio da Cherso, 10",ROMA,00143,41.8224782,12.5076176
606,979,103 RM/C,NUOVA CLINICA ANNUNZIATELLA,05066941005,NUOVA CLINICA ANNUNZIATELLA - CENTRO DIALISI AMBULATORIALE,U00349/14,DECRETO DI ACCREDITAMENTO,VIA MEROPIA 124,ROMA,00147,41.8552766,12.5058037
564,1750,103 RM/C,OPERA SANTE DE SANCTIS ONLUS ASS. PER LA TERAPIA E LA RIABILITAZIONE DEGLI HANDICAP. PSICO-FISICI,09452921001,CENTRO PIAZZA GIUSEPPE CARDINALI,U00205/13,DECRETO DI ACCREDITAMENTO,Piazza G. Cardinali 15,ROMA,00177,41.8747056,12.5451831
268,753,103 RM/C,POLIAMBULATORIO CAVE S.R.L. CON SOCIO UNICO,01355041003,VISITE SPECIALISTICHE - DIAGNOSTICA PER IMMAGINI E DI LABORATORIO -RECUPERO E RIBILITAZIONE -  PANIGEA,"U00467/12
U00059/14",DECRETO DI ACCREDITAMENTO,VIA DELLE CAVE 84/86,ROMA,00166,41.8715598,12.5308497
741,797,103 RM/C,POLISPECIALISTICA GARDA SRL,01345321002,POLISPECIALISTICA GARDA,U00376/12,DECRETO DI ACCREDITAMENTO,"VIALE CADUTI DELLA RESISTENZA, 79",ROMA,00128,41.7897726,12.4462354
958,338,103 RM/C,PRAXIMEDICA S.R.L.,01319331003,PRAXIMEDICA S.R.L.,U00178/12,DECRETO DI ACCREDITAMENTO,via Magnagrecia 117,ROMA,00183,41.88083719999999,12.5083128
583,1043,103 RM/C,PREMEDICASRL,01309431003,PREMEDICA,U00383/12,DECRETO DI ACCREDITAMENTO,VIA TARANTO 18 ,ROMA,00182,41.8849425,12.5123021
652,1357,103 RM/C,RADIOLOGIA CAVALCANTI S.R.L.,04945961003,RADIOLOGIA CAVALCANTI S.R.L.,U00027/13,DECRETO DI ACCREDITAMENTO,via Taranto 58,ROMA,00182,41.88451,12.5148
329,1076,103 RM/C,RADIOLOGIA DR. DIOTALLEVI SRL,01259391009,STRUTTURA AMBULATORIALE RADIOLOGIA DR. DIOTALLEVI SRL,"U00218/12
U00153/13
U00299/13",DECRETO DI ACCREDITAMENTO,"Via Prenestina, 321",ROMA,00177,41.893902,12.5504641
27,1541,103 RM/C,RADIOLOGIA E DIAGNOSI CLINICA SRL - SOCIETÀ UNIPERSONALE,01319321004,STRUTTURA AMBULATORIALE RADIOLOGIA E DIAGNOSI CLINICA SRL - UNIPERSONALE,"U00406/12
U00262/14",DECRETO DI ACCREDITAMENTO,Viale della Serenissima 22,ROMA,00177,41.8955734,12.5591481
600,203,103 RM/C,RADIOLOGIA MOSTACCIANO SRL,01321781005,PRESIDIO 1 E 2,U00386/12,DECRETO DI ACCREDITAMENTO,Via delle Costellazioni 306,ROMA,00144,41.8155562,12.4486688
558,1644,103 RM/C,Società Caffaro s.r.l.,01319441000,Società Caffaro s.r.l.,"U00271/12
U00347/14",DECRETO DI ACCREDITAMENTO,"Via Caffaro, 137",ROMA,00154,41.8666373,12.4858446
352,970,103 RM/C,ROCOMAR ANALISI CLINICHE M. MASSIMO S.R.L.,01147121006,ROCOMAR ANALISI CLINICHE M.MASSIMO S.R.L.,"U00264/12
U00498/13",DECRETO DI ACCREDITAMENTO,Via Vincenzo Cerulli n. 2/b,ROMA,00143,41.82470379999999,12.4912308
81,934,103 RM/C,S.O.FI.S. SNC DEL DOTT. S. RONCONI E C.,01193581004,S.O.FI.S. SNC DEL DOTT. S. RONCONI E C.,U00355/12,DECRETO DI ACCREDITAMENTO,Via Duccio di Buoninsegna 82 ,ROMA,00142,41.8298244,12.4911739
827,369,103 RM/C,SACLI SOCIETA' CLINICHE SOCIETA' PER AZIONI,01095811004,CASA DI CURA FABIA MATER,"U0102/11
U00032/14",DECRETO DI ACCREDITAMENTO,"VIA OLEVANO ROMANO, 25",ROMA,00171,41.8932371,12.5553487
188,992,103 RM/C,SALUS 2000 SRL,05580311008,STRUTTURA AMBULATORIALE SALUS 2000 SRL,U00163/12,DECRETO DI ACCREDITAMENTO,"Via Prenestina, 321",ROMA,00177,41.893902,12.5504641
306,1746,103 RM/C,STUDIO DI SEMEIOLOGIA FUNZIONALE SAS,01218491007,STRUTTURA AMBULATORIALE STUDIO DI  SEMEIOLOGIA FUNZIONALE SAS,U00083/12,DECRETO DI ACCREDITAMENTO,Viale Caduti per la Resistenza 79,ROMA,00128,41.7897726,12.4462354
809,157,103 RM/C,STUDIO DIAGNOSTICO AMELIA SRL,01066941004,STUDIO DIAGNOSTICO AMELIA SRL,"U00464/12
U00216/13",DECRETO DI ACCREDITAMENTO,VIA APPIA NUOVA 637 637/A,ROMA,00179,41.8670788,12.5307494
756,1169,103 RM/C,STUDIO FISIOTERAPICO MORGAGNI S.R.L.,05896291001,STUDIO FISIOTERAPICO MORGAGNI S.R.L.,"U00395/12
U00194/13",DECRETO DI ACCREDITAMENTO,via Sermoneta 20/28,ROMA,00179,41.86794829999999,12.5310992
775,1498,103 RM/C,STUDIO MEDICO DIAGNOSTICO ANGLONA SRL,01118281003,STUDIO MEDICO DIAGNOSTICO ANGLONA FKT,U00094/14,DECRETO DI ACCREDITAMENTO,VIA ACQUA BULLICANTE 312,ROMA,00177,41.8916045,12.5420072
482,380,103 RM/C,STUDIO MEDICO SPECIALISTICO COLOMBO SRL,00981461007,PRESIDIO DI RECUPERO E RIEDUCAZIONE FUNZIONALE - LABORATORIO ANALISI - BRANCHE SPECIALISTICHE,"U00023/13
U00246/14",DECRETO DI ACCREDITAMENTO,Via Tiberio Imperatore 19,ROMA,00145,41.8529845,12.4860973
458,1086,103 RM/C,STUDIO RADIOLOGICO SPINACETO S.R.L,01601841008,STRUTTURA AMBULATORIALE  STUDIO RADIOLOGICO SPINACETO SRL,U00242/12,DECRETO DI ACCREDITAMENTO,VIALE EROI DI CEFALONIA 203,ROMA,00128,41.78357,12.43623
197,1095,103 RM/C,STUDIO SERENISSIMA DI FKT E DIAGNOSTICA SPECIALISTICA SRL,01032441006,DIAGNOSTICA PER IMMAGINI - RECUPERO E RIABILITAZIONE - AMBULATORIO POLISPECIALISTICO,U00285/12,DECRETO DI ACCREDITAMENTO,VIA PISINO 119,ROMA,00177,41.8984921,12.5596832
333,97,103 RM/C,UNIVERSITÀ CAMPUS BIO-MEDICO,9.7087620585E10,POLICLINICO CAMPUS BIOMEDICO,"U00133/13
U00272/13
U00101/14",DECRETO DI ACCREDITAMENTO,Via Alvaro del Portillo 200,ROMA,00128,41.7699889,12.4668242
480,360,103 RM/C,VE.DI RADIOLOGICA SRL,01321721001,POLIAMBULATORIO VE. DI RADIOLOGICA,U00353/12,DECRETO DI ACCREDITAMENTO,"Via Pietro sensini, 38-46",ROMA,00176,41.8835564,12.5359456
679,1762,103 RM/C,VILLA ARDEATINA SRL,01084891009,"SERVIZIO DI ASSISTENZA RESIDENZIALE, SEMIRESIDENZIALE E NON RESIDENZIALE",U00231/13,DECRETO DI ACCREDITAMENTO,VIA ARDEATINA 304,ROMA,00179,41.84337000000001,12.51548
421,1422,104 RM/D,ACEDIT 2003 S.R.L.,07280451001,ACEDIT 2003 SRL,U00148/11,DECRETO DI ACCREDITAMENTO,via massa marittima 10-20,ROMA,00148,41.8423826,12.4374366
96,537,104 RM/D,AL PARCO SOCIETA' COOPERATIVA SOCIALE ONLUS,01231791003,CENTRO DI RIABILITAZIONE AL PARCO GESTITO DALLA AL PARCO SOCIETA' COOPERATIVA SOCIALE ONLUS,U00420/13,DECRETO DI ACCREDITAMENTO,VIA BERNARDINO RAMAZZINI 31,ROMA,00151,41.86399249999999,12.4500837
846,759,104 RM/D,ANALISI CLINICHE E RADIOLOGIA DOTT.RI PIZZO E SALVATORI SRL,00988181004,STRUTTURA AMBULATORIALE ANALISI CLINICHE E RADIOLOGIA DOTT.RI PIZZO E SALVATORI SRL,U00360/12,DECRETO DI ACCREDITAMENTO,Via Laura Mantegazza 25,ROMA,00152,41.8713937,12.4553704
129,1156,104 RM/D,ANALISI CLINICHE NIEVO SRL,1.1036511001E10,STRUTTURA AMBULATORIALE LABORATORIO ANALISI NIEVO,"U00046/12
U00451/13",DECRETO DI ACCREDITAMENTO,Via Ippolito Nievo 62,ROMA,00153,41.8777202,12.4674633
731,557,104 RM/D,ANALISI CLINICHE PORTUENSE SRL,01319531008,ANALISI CLINICHE PORTUENSE SRL,U00106/12,DECRETO DI ACCREDITAMENTO,"VIA PORTUENSE, 561",ROMA,00149,41.855751,12.4455841
263,1292,104 RM/D,ANALISI CLINICHE 'PROSPERO COLONNA' S.R.L.,01313571000,ANALISI CLINICHE PROSPERO COLONNA S.R.L.,U00045/12,DECRETO DI ACCREDITAMENTO,"CORSO DUCA DI GENOVA,26",ROMA,00121,41.733188,12.2741818
347,919,104 RM/D,ANALISYS 1980 SRL,01320031006,POLIAMBULATORIO E DIAGNOSTICA STRUMENTALE,"U00054/12
U00042/13",DECRETO DI ACCREDITAMENTO,Via A. Lo Surdo 42,ROMA,00146,41.8630372,12.4702431
65,1094,104 RM/D,ANFFAS OSTIA ONLUS,07169971004,ANFFAS OSTIA ONLUS SEMIRESIDENZIALE - DOMICILIARE - AMBULATORIALE NON RESIDENZIALE - CENTRO GR,"U00440/13
U00467/13",DECRETO DI ACCREDITAMENTO,"VIA DEL SOMMERGIBILE, SNC",ROMA,00121,41.9027835,12.4963655
346,303,104 RM/D,ANFFAS ROMA ONLUS,07009661005,ANFFAS ROMA ONLUS/AMBULATORIO-DOMICILIARE - SEMIRESIDENZIALE VIA AURELIA ANTICA,U00255/13,DECRETO DI ACCREDITAMENTO,Via Aurelia Antica 269,ROMA,00165,41.88939,12.43873
833,477,104 RM/D,ANFFAS ROMA ONLUS,07009661005,ANFFAS ROMA ONLUS/SEMIRESIDENZIALE VIA VITELLIA,"U00257/13
U00489/13",DECRETO DI ACCREDITAMENTO,Via Vitellia n. 74,ROMA,00152,41.8804827,12.4502631
978,635,104 RM/D,ASKLEPION S.R.L.,01502121005,ASKLEPION SRL,U00141/12,DECRETO DI ACCREDITAMENTO,VIA DI VILLA BONELLI 36,ROMA,00146,41.8508578,12.4576774
713,289,104 RM/D,ASSOCIAZIONE SCUOLA VIVA ONLUS,02135331003,CENTRO DI RIABILITAZIONE ASSOCIAZIONE SCUOLA VIVA ONLUS,"U00422/13
U00459/13
U00026/14",DECRETO DI ACCREDITAMENTO,via Crespina 30 e 35,ROMA,00146,41.8484744,12.4667073
343,218,104 RM/D,AXA MEDICA S.R.L.,07391091001,AXA MEDICA SRL,"U00122/12
U00212/12",DECRETO DI ACCREDITAMENTO,"Via Pindaro, 28/N",ROMA,00125,41.757301,12.3664209
468,230,104 RM/D,AXALAB S.R.L.,01183711009,AXALAB S.R.L. ,"U00085/12
U00060/14",DECRETO DI ACCREDITAMENTO,Via Eschilo n.° 191 - 193 ,ROMA,00125,,
927,1231,104 RM/D,BPL SANITARIA E AMBIENTE S.R.L. (GIÀ RAPONI GIPAC  S.R.L.),08353601001,BPL SANITARIA E AMBIENTE SRL,U00390/13,DECRETO DI ACCREDITAMENTO,via Oderisi da Gubbio 10,ROMA,00146,41.8688859,12.466873
341,183,104 RM/D,C.R.S.ANALISI S.R.L.,03551951001,C.R.S.ANALISI SRL,U00183/12,DECRETO DI ACCREDITAMENTO,VIA CAPO SOPRANO 9,ROMA,00122,41.73395,12.28636
31,1657,104 RM/D,CARDIOLAB MONTEVERDE VECCHIO S.R.L.,01317491007,STRUTTURA AMBULATORIALE CARDIOLAB MONTEVERDE VECCHIO SRL,U00150/12,DECRETO DI ACCREDITAMENTO,Via Anton Giulio Barrili 68,ROMA,00152,41.88082199999999,12.4608106
711,251,104 RM/D,CASA DI CURA CITTÀ DI ROMA S.P.A.,00994041002,CASA DI CURA CITTÀ DI ROMA,U00338/13,DECRETO DI ACCREDITAMENTO,Via Francesco Maidalchini 20,ROMA,00152,41.8748413,12.4566796
132,1256,104 RM/D,CENTRO DI RIABILITAZIONE IST. FIGLIE S.M. DELLA DIV. PROVV. 'CASA SANTA ROSA',01062811003,CASA SANTA MARIA DELLA PROVVIDENZA,"U00526/13
U00235/14",DECRETO DI ACCREDITAMENTO,"Via della Nocetta, 23",ROMA,00164,41.8801758,12.4389378
499,563,104 RM/D,CENTRO DIAGNOSTICA LIDO SRL,01326291000,CENTRO DIAGNOSTICA LIDO S.R.L.,"U00255/12
U00177/14",DECRETO DI ACCREDITAMENTO,VIA CAPO SOPRANO-21,ROMA,00122,41.7343887,12.286657
140,1302,104 RM/D,CENTRO FISIOTERAPICO LIDO DI OSTIA SRL,01013071004,STRUTTURA AMBULATORIA CENTRO FISIOTERAPICO LIDO DI OSTIA SRL,U00079/12,DECRETO DI ACCREDITAMENTO,"Corso Duca di Genova, 26",ROMA,00121,41.733188,12.2741818
460,93,104 RM/D,CENTRO GERIATRICO ROMANO SPA CON SOCIO UNICO,00933031007,CASA DI CURA MERRY HOUSE (R),"U00045/13
U00087/14",DECRETO DI ACCREDITAMENTO,via G. Beduschi 28,ROMA,00126,41.7905922,12.3542772
356,365,104 RM/D,CENTRO MEDICO FISIOKINESITERAPICO SRL,01001161007,STRUTTURA AMBULATORIALE CENTRO MEDICO FISIOKINESITERAPICO S.R.L.,"U00225/12
U00243/12",DECRETO DI ACCREDITAMENTO,VIA GABRIELE ROSSETTI 50,ROMA,00152,41.8826281,12.4614399
818,939,104 RM/D,CLINITALIA SRL,01057581009,CENTRO DI RADIOLOGIA,U00055/12,DECRETO DI ACCREDITAMENTO,Via Antonino Lo Surdo 42,ROMA,00146,41.8630372,12.4702431
444,47,104 RM/D,COES ONLUS,04462491004,COES ONLUS,U00423/13,DECRETO DI ACCREDITAMENTO,VIA DELLA NOCETTA 162,ROMA,00164,41.88379,12.43128
70,1083,104 RM/D,COOPERATIVA SOCIALE SAN FRANCESCO ONLUS,07532930588,CENTRO DI RIABILITAZIONE PSICOMOTORIA PADRE PIO,U00419/13,DECRETO DI ACCREDITAMENTO,Via del Casaletto 400,ROMA,00151,41.8623548,12.4379326
230,600,104 RM/D,DIAGNOSTIKA SRL,05164751009,STRUTTURA AMBULATORIALE DIAGNOSTIKA SRL,U00065/12,DECRETO DI ACCREDITAMENTO,Via madre Colomba Gabriel 11,ROMA,00126,41.7806105,12.3465893
686,1195,104 RM/D,DR. ANDREA GIUDICE - ACCREDITATO AD PERSONAM,02042270583,DR. ANDREA GIUDICE CARDIOLOGO,U00155/11,DECRETO DI ACCREDITAMENTO,via oderisi da gubbio 167,ROMA,00146,41.8644907,12.4650024
832,66MP,104 RM/D,E.C.A.S.S. SOC. COOP. SOCIALE ONLUS,01247771007,E.C.A.S.S. VIA RADICONDOLI N 23 (SEMIRESIDENZIALI),U00111/14,DECRETO DI ACCREDITAMENTO,VIA RADICONDOLI N 23,ROMA,00146,41.8489661,12.4585628
1022,472,104 RM/D,E.C.A.S.S. SOC. COOP. SOCIALE ONLUS,01247771007,E.C.A.S.S. VIA BAGNO A RIPOLI 33 (SEMIRESIDENZIALI),U00114/14,DECRETO DI ACCREDITAMENTO,VIA BAGNO A RIPOLI 33,ROMA,00146,41.8494122,12.4600117
1023,66MP,104 RM/D,E.C.A.S.S. SOC. COOP. SOCIALE ONLUS,01247771007,E.C.A.S.S. VIA MURLO 13  (RESIDENZIALI),U00116/14,DECRETO DI ACCREDITAMENTO,VIA MURLO 13,ROMA,00146,41.848691,12.4592963
1024,66MP,104 RM/D,E.C.A.S.S. SOC. COOP. SOCIALE ONLUS,01247771007,E.C.A.S.S. VIA DELLA MAGLIANA 279 (SEMIRESIDENZIALI),U00118/14,DECRETO DI ACCREDITAMENTO,VIA DELLA MAGLIANA 279,ROMA,00146,41.8445938,12.4560874
1025,66MP,104 RM/D,E.C.A.S.S. SOC. COOP. SOCIALE ONLUS,01247771007,E.C.A.S.S. VIA DELLA MAGLIANA 256 (RESIDENZIALE),U00119/14,DECRETO DI ACCREDITAMENTO,VIA DELLA MAGLIANA 256,ROMA,00146,41.8463529,12.4569745
1026,466,104 RM/D,E.C.A.S.S. SOC. COOP. SOCIALE ONLUS,01247771007,E.C.A.S.S. VIA BAGNO A RIPOLI 36 (NON RESIDENZIALE),U00113/14,DECRETO DI ACCREDITAMENTO,VIA BAGNO A RIPOLI 36,ROMA,00146,41.8494349,12.4599562
431,1548,104 RM/D,ECORAD,01315141000,ECORAD SRL,U00326/12,DECRETO DI ACCREDITAMENTO,VIA DEI TRAGHETTI 22,ROMA,00121,41.7357231,12.2795613
984,764,104 RM/D,EUROPEAN HOSPITAL S.P.A.,01774941007,EUROPEAN HOSPITAL S.P.A.,U00044/12,DECRETO DI ACCREDITAMENTO,"Via Portuense, 700",ROMA,00148,41.85256,12.43594
861,913,104 RM/D,FI.RA.L. S.R.L.,04314131006,FI.RA.L. S.R.L.,U00035/13,DECRETO DI ACCREDITAMENTO,via Lari 18,ROMA,00146,41.849365,12.46115
881,1451,104 RM/D,FISIOMARE SRL,01195781008,FISIOMARE SRL,U00381/12,DECRETO DI ACCREDITAMENTO,Via dei navicellari 16/a,ROMA,00122,41.7290767,12.281095
302,1717,104 RM/D,FISIOROMA SAS,01296121005,FISIOROMA SAS DI RICCARDO COLOMBO,U00343/12,DECRETO DI ACCREDITAMENTO,"VIA GAETANO FUGGETTA, 47",ROMA,00149,41.85129860000001,12.452079
990,896,104 RM/D,FISIOTER SOLEMAR S.R.L.,03953991001,STRUTTURA AMBULATORIALE FISIOTER SOLEMAR S.R.L.,"U00104/12
U00065/14
U00257/14",DECRETO DI ACCREDITAMENTO,Via Raffaele De Cosa 34,ROMA,00122,41.7377765,12.2845827
222,432,104 RM/D,FONDAZIONE VILLA MARAINI ONLUS,03684011004,PADIGLIONE MARAINI - FRASCARA ,"U0047/11
U00033/13",DECRETO DI ACCREDITAMENTO,Via Bernardino Ramazzini 31,ROMA,00151,41.86399249999999,12.4500837
578,1226,104 RM/D,GABINETTO FISIOTERAPICO RI.FI. SAS,01218331005,GABINETTO FISIOTERAPICO RI.FI. S.A.S.,U00341/12,DECRETO DI ACCREDITAMENTO,via della Scafa 144 B/C/D,FIUMICINO,00054,41.7710732,12.2564887
823,346,104 RM/D,Fondazione Roma Sanità,00994081008,HOSPICE FONDAZIONE ROMA,U00529/13,DECRETO DI ACCREDITAMENTO,"Via Alessandro Poerio,100",ROMA,00152,41.87725040000001,12.4628606
46,1851,104 RM/D,GES.CA.S. VILLA ARMONIA NUOVA SRL,01062361009,CASA DI CURA VILLA ARMONIA NUOVA,U00383/14,DECRETO DI ACCREDITAMENTO,VIA DEI BEVILACQUA 43,ROMA,00165,41.8822917,12.3978164
774,1481,104 RM/D,GIUVA LEANDRO,04018210585,STUDIO ODONTOIATRICO DEL DOTT. GIUVA LEANDRO,U00107/12,DECRETO DI ACCREDITAMENTO,"Via Ferdinando Acton, 5",ROMA,00122,41.732266,12.2901129
423,1469,104 RM/D,GRIBA SRL UNIPERSONALE,01029471008,LABORATORIO ANALISI,"U00323/12
U00363/13",DECRETO DI ACCREDITAMENTO,"Via Eucario Silber, 7/C",FIUMICINO,00054,41.91622,12.20005
26,542,104 RM/D,I.C.E.C. S.R.L. CASA DI CURA VILLA MARIA IMMACOLATA,00903131001,AMBULATORI - POST ACUZIE - HOSPICE - RSA R3 E R2 ,U00033/14,DECRETO DI ACCREDITAMENTO,Via Del Casaletto 391/395,ROMA,00155,41.8649364,12.4377902
213,938,104 RM/D,IL SOGGIORNO SRL,04461081004,VILLA DELLE MAGNOLIE- IL SOGGIORNO S.R.L.,"U00372/13
U00441/13",DECRETO DI ACCREDITAMENTO,Via delle Vigne 96,ROMA,00148,41.8404167,12.4220545
218,350,104 RM/D,ISTITUTO ANALISI CLINICHE I.A.C. SRL,06456080586,ISTITUTO ANALISI CLINICHE I.A.C. SRL,U00118/12,DECRETO DI ACCREDITAMENTO,Via dei Navicellari 16/a,ROMA,00122,41.7290767,12.281095
777,1544,104 RM/D,ISTITUTO DI FISIOKINESITERAPIA S.R.L.,01860281003,ISTITUTO DI FISIOKINESITERAPIA S.R.L.,U00382/12,DECRETO DI ACCREDITAMENTO,VIA DESIDERATO PIETRI 111/115,ROMA,00122,41.7271874,12.2920077
202,25,104 RM/D,ISTITUTO FISIOTERAPICO MARCUCCI ORNELLA SRL,01303511008,PRESIDIO 1,U00103/12,DECRETO DI ACCREDITAMENTO,VIA CLARICE MARESCOTTI 7,ROMA,00151,41.86430439999999,12.4473248
665,1528,104 RM/D,LAB.ANALISI CLINICHE ESCULAPIO SRL,04416981001,POLIAMBULATORIO SPECIALISTICO E LAB ANALISI,U00211/12,DECRETO DI ACCREDITAMENTO,Via Lari 28/30,ROMA,00146,41.8493076,12.4610994
933,1050,104 RM/D,LABANALISI MONTEVERDE SRL,04122331004,STRUTTURA AMBULATORIALE LABANALISI MONTEVERDE SRL,U00060/12,DECRETO DI ACCREDITAMENTO,Via Maurizio Quadrio 30,ROMA,00152,41.8817579,12.4616466
815,916,104 RM/D,LABORATORI MEDICINA INDUSTRIA AMBIENTE M.I.L.A. SRL,01412211003,LABORATORI MEDICINA INDUSTRIA AMBIENTE M.I.L.A. SRL,U00333/12,DECRETO DI ACCREDITAMENTO,Via della Casetta Mattei 153/d,ROMA,00148,41.8561742,12.419999
466,220,104 RM/D,LABORATORIO ANALISI CLINICHE DR.GIORDANI &C. S.A.S.,01318221007,LABORATORIO ANALISI CLINICHE DR.GIORDANI &C. S.A.S.,"U00069/12
U00050/14",DECRETO DI ACCREDITAMENTO,"via Giuseppe Bignami, 47/49",FIUMICINO,00054,41.7678453,12.2325082
631,784,104 RM/D,LABORATORIO DIAGNOSTICO BRAVETTA S.A.S.,01299951002,LABORATORIO DIAGNOSTICO BRAVETTA S.A.S.,U00068/12,DECRETO DI ACCREDITAMENTO,"Via dei Capasso, 52 - 54",ROMA,00164,41.8839142,12.4258052
349,933,104 RM/D,LABORATORIO GIANICOLENSE SRL,01321771006,LABORATORIO GIANICOLENSE SRL,U00154/11,DECRETO DI ACCREDITAMENTO,Viale dei Colli Portuensi 547,ROMA,00151,41.8589961,12.4435006
175,1827,104 RM/D,MARILAB SRL,01233441003,MARILAB - GRIBA 2 - PATOLOGIA CLINICA E RADIOIMMUNOLOGIA,"U00265/12
U00253/13
U00352/13
U00197/14",DECRETO DI ACCREDITAMENTO,"Viale Paolo Orlando, 52",ROMA,00122,41.7307295,12.2859806
428,1526,104 RM/D,MARILAB SRL,01233441003,MARILAB ACILIA,"U00287/12
U00130/13
U00188/13
U00359/13",DECRETO DI ACCREDITAMENTO,Via di Acilia 71a-Via Valle Porcina 3a,ROMA,00125,41.7818418,12.3664791
706,167,104 RM/D,MARILAB SRL,01233441003,MARILAB CENTER (VIA ZAMBRINI),U00002/12,DECRETO DI ACCREDITAMENTO,"Viale Alfredo Zambrini, 14",ROMA,00121,41.7367018,12.2685233
791,1812,104 RM/D,MARILAB SRL,01233441003,MARILAB FIUMICINO,"U00214/12
U00373/13",DECRETO DI ACCREDITAMENTO,"Via Tempio della Fortuna, 44",FIUMICINO,00054,41.76807,12.229703
648,1277,104 RM/D,ORMOLAB S.A.S DI G.ANTONACCI E C.,01033141001,ORMOLAB S.A.S. DI G.ANTONACCI E C.,U00048/12,DECRETO DI ACCREDITAMENTO,Via Gaetano Fuggetta 1,ROMA,00149,41.8523967,12.4515837
710,245,104 RM/D,OSPEDALE ISRAELITICO,02133341004,OSPEDALE ISRAELITICO+2 POLIAMBULATORI,U00212/13,DECRETO DI ACCREDITAMENTO,"VIA FULDA, 14",ROMA,00148,41.83549,12.42753
938,49,104 RM/D,PANORAMICA S.R.L.,00967051004,CASA DI CURA VILLA PIA DECRETO 41/2011,U00042/14,DECRETO DI ACCREDITAMENTO,Via Bernardino Ramazzini 93 ,ROMA,00151,41.868265,12.45186
284,1529,104 RM/D,PARCO DELLE ROSE '92 SRL,01563261005,RSA PARCO DELLE ROSE,U00401/13,DECRETO DI ACCREDITAMENTO,VIA DI VILLA TROILI N. 09,ROMA,00163,41.887633,12.4075419
146,1953,104 RM/D,RADIOLOGIA FIUMICINO S.R.L.,01907331001,RADIOLOGIA FIUMICINO S.R.L.,"U00022/13
U00456/13",DECRETO DI ACCREDITAMENTO,largo girolamo da montesarchio 17,ROMA,00125,41.7844222,12.3642122
116,820,104 RM/D,RICERCHE CLINICHE CLODIO FISIOCHINESITERAPIA S.N.C.,05249251009,RICERCHE CLINICHE CLODIO FISIOCHINESITERAPIA S.N.C.,"U00404/12
U00091/14",DECRETO DI ACCREDITAMENTO,Via Francesco Maurolico n. 5,ROMA,00146,41.8641244,12.4712027
381,783,104 RM/D,RICERCHE CLINICHE CLODIO S.N.C.,05243191003,RICERCHE CLINICHE CLODIO SNC PATOLOGIA CLINICA,U00302/12,DECRETO DI ACCREDITAMENTO,VIA S. BOCCAPADULI 25,ROMA,00151,41.8722865,12.4457723
438,1703,104 RM/D,S. GIUSEPPE S.P.A. CASA DI CURA VILLA GIUSEPPINA,00302000179,CASA DI CURA VILLA GIUSEPPINA,U00395/14,DECRETO DI ACCREDITAMENTO,"Viale Prospero Colonna, 46",ROMA,00149,41.8560367,12.4523542
616,490,104 RM/D,S.D.I. STUDIO DIAGNOSTICO IMPRUNETA S.R.L.,01312401001,S.D.I. STUDIO DIAGNOSTICO IMPRUNETA S.R.L.,U00151/12,DECRETO DI ACCREDITAMENTO,VIA DELL'IMPRUNETA 9 B-C,ROMA,00146,41.84705,12.458374
141,2542,104 RM/D,SAN RAFFAELE ROMA SRL,08253151008,IRCCS SAN RAFFAELE PISANA ,U00525/13,DECRETO DI ACCREDITAMENTO,Via della Pisana n. 235,ROMA,00163,41.8779966,12.4160002
1011,2543,104 RM/D,SAN RAFFAELE ROMA SRL,08253151008,SAN RAFFAELE PISANA (CENTRO DI RIABILITAZIONE),U00524/13,DECRETO DI ACCREDITAMENTO,Via della Pisana n. 235,ROMA,00163,41.8779966,12.4160002
105,723,104 RM/D,SANTA BONORA S.R.L.,01312761008,SANTA BONORA S.R.L.,U00084/12,DECRETO DI ACCREDITAMENTO,Viale Guglielmo Marconi n.° 139,ROMA,00146,41.8581057,12.469587
100,610,104 RM/D,SOCIETÀ IMMOBILIARE CLINICHE A R.L.,01085941001,RSA CORVIALE,U00203/14,DECRETO DI ACCREDITAMENTO,"Via dei Candiano, 70",ROMA,00148,41.85664,12.42471
719,983,104 RM/D,STUDIO DI RADIOLOGIA E ROENTGENTERAPIA LIDO DI OSTIA SRL,01125791002,STRUTTURA AMBULATORIALE STUDIO DI RADIOLOGIA E ROENTGENTERAPIA LIDO DI OSTIA,U00309/12,DECRETO DI ACCREDITAMENTO,Corso Duca di Genova 26,ROMA,00121,41.733188,12.2741818
280,1480,104 RM/D,STUDIO ODONTOIATRICO DEL LIDO S.R.L.,01540471008,STUDIO ODONTOIATRICO DEL LIDO S.R.L.,U00096/12,DECRETO DI ACCREDITAMENTO,"CORSO DUCA DI GENOVA, 26",ROMA,00121,41.733188,12.2741818
530,21,104 RM/D,STUDIO RADIOLOGICO DR. DI STEFANO ANTONINO DI DI GIUSEPPE ROSANNA & C. SNC,01372351005,STRUTTURA AMBULATORIALE STUDIO RADIOLOGICO DR. DI STEFANO ANTONINO DI DI GIUSEPPE ROSANNA & C. SNC,U00330/12,DECRETO DI ACCREDITAMENTO,VIA PORTO ROMANO 59 A B C D,FIUMICINO,00054,41.7625185,12.231016
192,1058,104 RM/D,'STUDIO RADIOLOGICO FISIOTERAPICO CASALPALOCCO DI RICCARDO RONCONI' S.A.S,01307621001,STRUTTURA AMBULATORIALE STUDIO RADIOLOGICO FISIOTERAPICO CASALPALOCCO DI R. RONCONI S.A.S,"U00273/12
U00494/12",DECRETO DI ACCREDITAMENTO,PIAZZA FILIPPO IL MACEDONE,ROMA,00124,41.9027835,12.4963655
193,1058,104 RM/D,'STUDIO RADIOLOGICO FISIOTERAPICO CASALPALOCCO DI RICCARDO RONCONI' S.A.S,01307621001,STRUTTURA AMBULATORIALE STUDIO RADIOLOGICO FISIOTERAPICO CASALPALOCCO DI R. RONCONI S.A.S,"U00273/12
U00462/12",DECRETO DI ACCREDITAMENTO,"Via G. Pian del Carmine, 19 roma",ROMA,00124,41.7833256,12.3645181
645,1255,104 RM/D,TIAP S.R.L.,01230661009,TIAP S.R.L.,"U00133/12
U00047/14",DECRETO DI ACCREDITAMENTO,Via Oderisi da Gubbio n. 224,ROMA,00146,41.863914,12.464537
185,1214,104 RM/D,TRE G 87 SRL,01981251000,R.S.A. VILLA GIULIA,U00264/13,DECRETO DI ACCREDITAMENTO,Via delle Vigne 92,ROMA,00148,41.8400012,12.4222111
752,1134,104 RM/D,VILLA DEL LIDO SRL,00989111000,STRUTTURA AMBULATORIALE VILLA DEL LIDO SRL,U00322/12,DECRETO DI ACCREDITAMENTO,VIALE DEL LIDO 3,ROMA,00122,41.7294655,12.2873216
699,2466,104 RM/D,VILLA SANDRA SPA,00893071001,CASA DI CURA PRIVATA VILLA SANDRA S.P.A. - RIABILITAZIONE RESIDENZIALE -DIALISI - POLIAMBULATORIO,U00132/14,DECRETO DI ACCREDITAMENTO,VIA PORTUENSE 798,ROMA,00148,41.8499443,12.4215429
1030,5778,104 RM/D,ITALCLINICHE S.R.L.,04935041006,RSA VILLA CARLA *2,"U00137/13
U00141/14",DECRETO DI ACCREDITAMENTO,"via Ippolito Salviani, 12",FIUMICINO,00054,41.7788992,12.225935
1031,4851,104 RM/D,CASA DI RIPOSO EBRAICA DI ROMA,02133351003,RSA EBRAICA *2,U00084/14,DECRETO DI ACCREDITAMENTO,"Via Portuense, 214-216",ROMA,00149,41.8669303,12.4639308
856,852,105 RM/E,3C+A CENTRO DI FISIOTERAPIA SRL,01017801000,3C+A CENTRO DI FISIOTERAPIA SRL,U00417/12,DECRETO DI ACCREDITAMENTO,VIA MONTI DI PRIMAVALLE 133/145,ROMA,00168,41.9097227,12.4130772
602,228,105 RM/E,A.I.R.R.I. - ASSOCIAZIONE ITALIANA RIABILITAZIONE REINSERIMENTO INVALIDI,01200791000,AIRRI CLODIO,U00084/13,DECRETO DI ACCREDITAMENTO,via Enrico Accinni 20,ROMA,00195,41.91642,12.45319
591,1101,105 RM/E,AELLE IL PUNTO SOCIETA' COOPERATIVA SOCIALE ONLUS,01252201007,SRSR VIA DI VALLE DELLA STORTA,U00340/14,DECRETO DI REVOCA,"Via di Valle della Storta, 6",ROMA,00123,42.0101369,12.3788767
746,63,105 RM/E,AELLE IL PUNTO SOCIETA' COOPERATIVA SOCIALE ONLUS,01252201007,SRSR VIA ENRICO BONDI,U00341/14,DECRETO DI REVOCA,"Via Enrico Bondi, 42",ROMA,00166,41.9039249,12.389369
557,1666,105 RM/E,ANALISI CLINICHE AIMA SRL,01037101001,ANALISI CLINICHE AIMA SRL - POLIAMBULATORIO,U00245/12,DECRETO DI ACCREDITAMENTO,Via Bernardino Telesio 23,ROMA,00195,41.9111771,12.4511317
9,1172,105 RM/E,ANALISI CLINICHE CIMATTI S.R.L.,01305241000,STRUTTURA AMBULATORIALE ANALISI CLINICHE CIMATTI SRL,"U00142/12
U00285/14",DECRETO DI ACCREDITAMENTO,"Viale Angelico,39",ROMA,00195,41.91577119999999,12.458138
493,533,105 RM/E,ANCELLE FRANCESCANE DEL BUON PASTORE,00996561007,CASA DI CURA ANCELLE FRANCESCANE DEL BUON PASTORE POST-ACUZIE - RSA - RSA 2,U00294/14,DECRETO DI SOSPENSIONE,Via di Vallelunga 8,ROMA,00166,41.9095703,12.3972174
243,749,105 RM/E,ANTEA ASSOCIAZIONE O.N.L.U.S.,05848361001,ANTEA ASSOCIAZIONE O.N.L.U.S.,U00116/13,DECRETO DI ACCREDITAMENTO,Piazza Santa Maria della Pieta n. 5,ROMA,00135,41.9407108,12.4191006
465,215,105 RM/E,ARS MEDICA S.P.A.,00997371000,ARS MEDICA S.P.A. (CASA DI CURA),U00308/14,DECRETO DI ACCREDITAMENTO,via Cesare Ferrero di Cambiano 29,ROMA,00191,41.94811079999999,12.4676961
50,29,105 RM/E,AURELIA '80 S.P.A.,01239831009,AURELIA HOSPITAL,U00487/13,DECRETO DI ACCREDITAMENTO,"Via Aurelia, 860",ROMA,00165,41.8857473,12.3998349
796,1897,105 RM/E,BIOLAB SRL,01322971001,BIOLAB SRL,U00362/12,DECRETO DI ACCREDITAMENTO,VIA TRIONFALE 6917,ROMA,00135,41.933919,12.4397374
806,1110,105 RM/E,CASA DELLE RELIGIOSE FIGLIE DI NOSTRA SIGNORA DEL S. CUORE DI ISSOUDUN,01070321003,CASA DELLE RELIGIOSE FIGLIE DI NOSTRA SIGNORA DEL SACRO CUORE DI ISSOUDUN,"U00411/13
U00388/14",DECRETO DI ACCREDITAMENTO,"VIA CARDINAL PACCA, 16",ROMA,00165,41.89231729999999,12.4308227
563,1712,105 RM/E,CASA DI CURA PRIVATA NUOVA VILLA CLAUDIA SPA,01626351009,NUOVA VILLA CLAUDIA SPA,"U00295/14
U00324/14",DECRETO DI ACCREDITAMENTO,VIA FLAMINIA NUOVA N. 280,ROMA,00191,41.9527007,12.4729066
663,1482,105 RM/E,CASA DI CURA PRIVATA VILLA AURORA S.P.A,01008531004,CASA DI CURA PRIVATA VILLA AURORA S.P.A,U00231/14,DECRETO DI ACCREDITAMENTO,VIA MATTIA BATTISTINI 44/46,ROMA,00167,41.9060117,12.4122408
937,2529,105 RM/E,CASA DI CURA SANTA FAMIGLIA S.R.L.,05713221009,CASA DI CURA SANTA FAMIGLIA,U00355/14,DECRETO DI SOSPENSIONE,Via dei Gracchi 134,ROMA,00192,41.9086913,12.465317
528,2478,105 RM/E,CASA DI CURA SANTA RITA DA CASCIA SRL,01041961002,CASA DI CURA PRIVATA SANTA RITA DA CASCIA,U00387/14,DECRETO DI ACCREDITAMENTO,"VIA DEGLI SCIPIONI, 130",ROMA,00192,41.9090013,12.4603318
246,1384,105 RM/E,CASA DI CURA VILLA VERDE S.R.L.,01079101000,PRESIDO OSPEDALIERO LUNGODEGENZA - RSA R1 - RSA,U00270/13,DECRETO DI ACCREDITAMENTO,Via Torrevecchia n.250,ROMA,00168,41.92841079999999,12.4167448
288,1561,105 RM/E,CESIM SRL,00940511009,RSA SAN RAFFAELE FLAMINIA,U00171/14,DECRETO DI ACCREDITAMENTO,Via del Labaro 121,ROMA,00188,41.98959000000001,12.49158
759,1238,105 RM/E,CLEM FISIOTERAPIA E COSMETOLOGIA SRL,01278261001,CLEM FISIOTERAPIA E COSMETOLOGIA SRL,U00154/12,DECRETO DI ACCREDITAMENTO,Via della Lucchina 89/91 ,ROMA,00135,41.9584842,12.3999363
696,1018,105 RM/E,COOP. SOC. AQUILONE AZZURRO A.R.L.,06710861003,VIA GERMANICO,U00088/13,DECRETO DI ACCREDITAMENTO,"via germanico, 198",ROMA,00192,41.9091417,12.463005
561,1692,105 RM/E,COSTANZO MARCELLO S.A.S.,00991691007,STRUTTURA AMBULATORIALE COSTANZO MARCELLO S.A.S.,U00226/12,DECRETO DI ACCREDITAMENTO,P.le delle Medaglie d'Oro 20,ROMA,00136,41.92373,12.44674
871,1345,105 RM/E,DATA MEDICA SRL,00954561007,DATA MEDICA SRL,U00444/12,DECRETO DI ACCREDITAMENTO,"via Ennio Quirino Visconti, 4",ROMA,00193,41.9082962,12.4722721
407,1304,105 RM/E,DIAGNOSTICA MEDICA PIAZZA RISORGIMENTO SRL,01310091002,STRUTTURA AMBULATORIALE DIAGNOSTICA MEDICA PIAZZA RISORGIMENTO S.R.L.,U00143/12,DECRETO DI ACCREDITAMENTO,"PIAZZA RISORGIMENTO, 55",ROMA,00192,41.90582,12.45824
622,620,105 RM/E,DIAGNOSTICA VIGNA CLARA S.R.L.,04255161004,STRUTTURA AMBULATORIALE DIAGNOSTICA VIGNA CLARA SRL,U00215/12,DECRETO DI ACCREDITAMENTO,PIAZZA STEFANO JACINI 14,ROMA,00191,41.949582,12.46557
737,725,105 RM/E,DIAGNOSTIKA VALLEBONA SRL,00997321005,STRUTTURA AMBULATORIALE DIAGNOSTIKA VALLEBONA SRL,U00485/12,DECRETO DI ACCREDITAMENTO,VIA VALLEBONA 10A,ROMA,00168,41.9323218,12.4193226
857,864,105 RM/E,DYNAMIC FIOSIOKINESITERAPIA S.R.L.,01310681000,DYMANIC FISIOKINESITERAPIA SRL,"U00189/12
U00138/14",DECRETO DI ACCREDITAMENTO,VIA BALDO DEGLI UBALDI 55,ROMA,00167,41.8986701,12.4317319
394,82,105 RM/E,FISIOKINESITERAPIA PONTE MILVIO S.R.L.,01578891002,FISIOKINESITERAPIA PONTE MILVIO S.R.L.,"U00113/12
U00178/14",DECRETO DI ACCREDITAMENTO,P.LE PONTE MILVIO 43,ROMA,00191,41.9375327,12.4661836
751,1119,105 RM/E,FISIOKINESITERAPICO GREGORIO VII S.N.C.,01318211008,FISIOKINESITERAPICO GREGORIO VII S.N.C.,U00257/12,DECRETO DI ACCREDITAMENTO,"VIA GREGORIO VII, 350",ROMA,00165,41.8938953,12.4366144
804,1067,105 RM/E,FISIOMED SRL,04099071005,STRUTTURA AMBULATORIALE  FISIOMED SRL,U00394/12,DECRETO DI ACCREDITAMENTO,Via Sergio I n.32,ROMA,00165,41.8989,12.45011
898,1641,105 RM/E,FISIOPRATI SRL,01305371005,STRUTTURA AMBULATORIALE FISIOPRATI SRL,"U00491/12
U00061/14",DECRETO DI ACCREDITAMENTO,Via Limbiate 10/12,ROMA,00135,41.94621,12.39119
822,343,105 RM/E,GABINETTO RADIOLOGICO CANITANO & C. S.R.L.,01512761006,GABINETTO RADIOLOGICO CANITANO & C. S.R.L.,U00416/12,DECRETO DI ACCREDITAMENTO,"Via Gregorio VII, 350",ROMA,00165,41.8938953,12.4366144
550,1588,105 RM/E,GAMMA SRL,01040531004,GAMMA SRL,U00256/12,DECRETO DI ACCREDITAMENTO,via Suor Celestina Donati n°119,ROMA,00167,41.9212885,12.4214499
977,632,105 RM/E,IRCAS SRL,01002741005,AMBULATORIO MEDICO CHIRURGICO,U00109/12,DECRETO DI ACCREDITAMENTO,VIA CASALOTTI 65P/Q,ROMA,00166,41.9159657,12.3740494
80,292,105 RM/E,ISTITUTO CUSTURERI SRL,01141091007,STRUTTURA AMBULATORIALE ISTITUTO CUSTURERI SRL,"U00414/12
U00052/14",DECRETO DI ACCREDITAMENTO,"via Aristide Gabelli, 32",ROMA,00135,41.942568,12.4229673
151,1440,105 RM/E,ISTITUTO DON CALABRIA  (SEDE FILIALE DI ROMA),00280090234,"ISTITUTO DON CALABRIA - CENTRO DIURNO TERAPEUTICO-RIABILITATIVO ""L'ALBEROBLU""",U00126/13,DECRETO DI ACCREDITAMENTO,VIA GIAMBATTISTA SORIA 13,ROMA,00168,41.9094434,12.41022
517,80,105 RM/E,ISTITUTO FISIOTERAPICO S.R.L.,01180631002,ISTITUTO FISIOTERAPICO SRL,U00411/12,DECRETO DI ACCREDITAMENTO,VIA ANTONIO BAIAMONTI,ROMA,00195,41.91443599999999,12.4599904
248,851,105 RM/E,ISTITUTO PIA CASA AMBROSINI DELLE FIGLIE DI N.S. AL MONTE CALVARIO,01067031003,OSPEDALE CRISTO RE DELL' ISTITUTO FIGLIE DI NOSTRA SIGNORA AL MONTE CALVARIO,U00360/14,DECRETO DI ACCREDITAMENTO,"VIA DELLE CALASANZIANE, 25",ROMA,00167,41.9182771,12.420847
691,1218,105 RM/E,ISTITUTO PIA CASA AMBROSINI DELLE FIGLIE DI N.S. AL MONTE CALVARIO,01067031003,ISTITUTO PIA CASA AMBROSINI - CENTRO DI RIABILITAZIONE PER CIECHE E SORDOMUTE ADULTE,U00367/14,DECRETO DI ACCREDITAMENTO,Via delle Calasanziane n. 55 ,ROMA,00167,41.9173214,12.4196533
789,1803,105 RM/E,ITALIAN HOSPITAL GROUP SPA,06703461001,RSA SACRA FAMIGLIA 80 P.L.,"U00230/13
U00086/14
U00283/14",DECRETO DI ACCREDITAMENTO,"Largo Ottorino Respighi, 6",ROMA,00135,41.94384,12.45027
110,765,105 RM/E,LAB. AURELIA S.R.L.,01202831002,LABORATORIO ANALISI - LAB. AURELIA S.R.L. -DAGNOSTICA PER IMMAGINI - POLIAMBULATORIO,"U00413/12
U00271/14",DECRETO DI ACCREDITAMENTO,Via Cardinal Parocchi 12/14,ROMA,00167,41.8992975,12.4294984
688,1206,105 RM/E,LABORATORIO ALESSANDRO PIETRAVALLE S.R.L.,01418361000,LABORATORIO ALESSANDRO PIETRAVALLE S.R.L.,U00303/12,DECRETO DI ACCREDITAMENTO,via Gregorio VII 172,ROMA,00165,41.8962449,12.443769
816,918,105 RM/E,LABORATORIO ANALISI 'AGOSTINO BASSI' S.R.L.,01647331006,LABORATORIO ANALISI ' AGOSTINO BASSI'S.R.L.,"U00128/12
U00333/13",DECRETO DI ACCREDITAMENTO,VIA FLAMINIA VECCHIA 653,ROMA,00100,41.9511238,12.4816318
503,667,105 RM/E,LABORATORIO ANALISI CLINICHE BALDUINA S.R.L.,01003851001,DIAGNOSTICA DI LABORATORIO BALDUINA,U00403/12,DECRETO DI ACCREDITAMENTO,Via della Balduina 28,ROMA,00136,41.9146907,12.4422757
574,1193,105 RM/E,LABORATORIO ANALISI CLINICHE CESANO SRL.,05954901004,LABORATORIO ANALISI CLINICHE CESANO SRL.,U00418/12,DECRETO DI ACCREDITAMENTO,VIA DELLA STAZIONE DI CESANO 576,ROMA,00123,42.07517,12.33836
545,1524,105 RM/E,LABORATORIO ANALISI CLINICHE DOTT. INGHIRAMI S.R.L.,01353741000,LABORATORIO ANALISI CLINICHE DOTT.INGHIRAMI S.R.L.,U00324/12,DECRETO DI ACCREDITAMENTO,P.zza dei Giureconsulti n. 27,ROMA,00167,41.9021546,12.4251716
490,495,105 RM/E,LABORATORIO ANALISI CLINICHE EUREKA S.R.L,07212351006,LABORATORIO ANALISI CLINICHE EUREKA S.R.L.,U00448/12,DECRETO DI ACCREDITAMENTO,via enrico bondi 80,ROMA,00166,41.9029515,12.3884978
425,1475,105 RM/E,LABORATORIO ANALISI CLINICHE OLGIATA DR.L. PEDRETTI & C. S.A.S.,01321881003,LABORATORIO ANALISI CLINICHE - DIAGNOSTICA OLGIATA DOTT. PEDRETTI,U00186/12,DECRETO DI ACCREDITAMENTO,via Anton Giulio Bragaglia n°78 e-f,ROMA,00123,42.0221716,12.3761142
307,1754,105 RM/E,LABORATORIO ANALISI PABI S.R.L.,01083291003,LABORATORIO ANALISI PABI SRL,U00345/12,DECRETO DI ACCREDITAMENTO,Via Giuseppe Ferrari 12,ROMA,00195,41.9144981,12.4645054
840,623,105 RM/E,MONTERCHI SRL,01041791003,STRUTTURA AMBULATORIALE MONTERCHI SRL,"U00328/12
U00080/14",DECRETO DI ACCREDITAMENTO,via Montello 14/16,ROMA,00195,41.9183875,12.4628792
262,1285,105 RM/E,OPERA SANTE DE SANCTIS ONLUS ASS. PER LA TERAPIA E LA RIABILITAZIONE DEGLI HANDICAP. PSICO-FISICI,09452921001,CENTRO VIA ACHILLE PAPA,U00086/13,DECRETO DI ACCREDITAMENTO,Via Achille Papa 22,ROMA,00195,41.9194408,12.4648731
870,1313,105 RM/E,RADIOLOGICA ROMANA S.R.L.,01166491009,COMPLESSO POLISPECIALISTICO RADIOLOGICA ROMANA SRL,U00482/12,DECRETO DI ACCREDITAMENTO,"Via della stazione della storta, 12",ROMA,00123,42.0025256,12.3817808
692,1219,105 RM/E,RADIOMEDICAL S.R.L.,01390771002,RADIOMEDICAL,"U00244/12
U00237/14",DECRETO DI ACCREDITAMENTO,VIA LUCIO CASSIO 53,ROMA,00189,41.9692095,12.4398845
402,1258,105 RM/E,S.C.A.I. SPA,00989051008,HOSPICE VILLA SPERANZA,U00115/13,DECRETO DI ACCREDITAMENTO,VIA DELLA PINETA SACCHETTI 235,ROMA,00168,41.93113109999999,12.4269322
446,1886,105 RM/E,SAMADI S.P.A.,00905281002,SAMADI S.P.A.,U00243/14,DECRETO DI ACCREDITAMENTO,via di Grottarossa km.2.200,ROMA,00189,41.9800429,12.4495221
223,2528,105 RM/E,SAN FELICIANO S.R.L.,00958671000,CASA DI CURA SAN FELICIANO,U00353/14,DECRETO DI SOSPENSIONE,Via de Ossò 9,ROMA,00166,41.898746,12.4127996
807,11,105 RM/E,SANTA LUCIA DEI FONTANILI S.R.L.,06356741006,SANTA LUCIA DEI FONTANILI,U00123/13,DECRETO DI ACCREDITAMENTO,Via Valle dei Fontanili 211,ROMA,00168,41.92315,12.41101
847,769,105 RM/E,SEGESTA LATINA SPA,00244910592,RSA SAN GIUSEPPE + AMBULATORI,U00163/13,DECRETO DI ACCREDITAMENTO,Via Bernardino Telesio 4,ROMA,00195,41.9117559,12.4525106
380,779,105 RM/E,SEZIONE LAZIALE DELLA UILDM (UNIONE ITALIANA LOTTA ALLA DISTROFIA MUSCOLARE) ONLUS,02124491008,SEZIONE LAZIALE DELLA UILDM (UNIONE ITALIANA LOTTA ALLA DISTROFIA MUSCOLARE) ONLUS,"U00346/13
U00215/14",DECRETO DI ACCREDITAMENTO,"Via Prospero Santacroce, 5",ROMA,00167,41.90608,12.41938
170,1752,105 RM/E,SI.GE.C.C. S.R.L.,00989731005,SAN VALENTINO ,U00318/13,DECRETO DI ACCREDITAMENTO,VIA DELLA CAPPELLETTA DELLA GIUSTINIANA 119,ROMA,00123,41.9872,12.40295
457,1053,105 RM/E,STATIC CHIROTERAPEUTICA SRL,00989421003,STRUTTURA AMBULATORIALE STATIC CHIROTERAPEUTICA SRL,U00276/12,DECRETO DI ACCREDITAMENTO,"Piazza della Libertà, 20",ROMA,00192,41.90985,12.47044
464,209,105 RM/E,STUDIO DI PATOLOGIA CLINICA FILIA S.R.L.,01329301004,STUDIO PATOLOGIA CLINICA FILIA S.R.L.,"U00232/12
U00097/14",DECRETO DI ACCREDITAMENTO,"Via Costantiniana, 28",ROMA,00188,41.9897,12.48939
5,1154,105 RM/E,STUDIO MEDICO FISIOKINESITERAPICO AEMME S.R.L.,01333201000,STUDIO MEDICO FISIOKINESITERAPICO AEMME S.R.L.,U00266/12,DECRETO DI ACCREDITAMENTO,VIALE DI VALLE AURELIA 81/93,ROMA,00167,41.902819,12.4372126
224,509,105 RM/E,STUDIO RADIOLOGICO GIACCARI SRL,01275451001,STRUTTURA AMBULATORIALE GIACCARI SRL,"U00401/12
U00193/13",DECRETO DI ACCREDITAMENTO,"Piazza della Balduina, 5",ROMA,00136,41.91957499999999,12.4412992
10,1174,105 RM/E,STUDIO RADIOLOGICO MONTE MARIO S.R.L.,01320311002,STRUTTURA AMBULATORIALE STUDIO RADIOLOGICO MONTE MARIO S.R.L.,U00354/12,DECRETO DI ACCREDITAMENTO,VIA TRIONFALE 6917,ROMA,00135,41.933919,12.4397374
892,1584,105 RM/E,T. DE SANCTIS MONALDI SRL,01140791003,T.DE SANCTIS MONALDI S.R.L.,U00348/14,DECRETO DI ACCREDITAMENTO,PIAZZALE GREGORIO VII 10,ROMA,00165,41.898839,12.4508602
88,382,105 RM/E,UNIONE SANITARIA INTERNAZIONALE S.P.A.,01066621002,UNIONE SANITARIA INTERNAZIONALE S.P.A. ,U00350/12,DECRETO DI ACCREDITAMENTO,Via Virginio Orsini n.° 18,ROMA,00192,,
39,1769,105 RM/E,VILLA CHIARA SRL,01026131001,POLIAMBULATORIO SPECIALISTICO - RSA,"U00317/13
U00383/13
U00493/13",DECRETO DI ACCREDITAMENTO,Via di Torrevecchia  578,ROMA,00168,41.9233072,12.4121671
53,1900,105 RM/E,VILLA MARIA PIA SRL,01975541002,PRESIDIO RESIDENZIALE PSICHIATRICO - COMUNITA' VILLA MARIA PIA,U00157/13,DECRETO DI ACCREDITAMENTO,Via Forte Trionfale n.36,ROMA,00135,41.94011560000001,12.4339163
54,1854,105 RM/E,VILLA MARIA PIA SRL,01975541002,PRESIDIO RESIDENZIALE PSICHIATRICO - COMUNITÀ PAL. D,U00068/13,DECRETO DI ACCREDITAMENTO,Via Forte Trionfale n.36,ROMA,00136,41.94011560000001,12.4339163
194,1074,105 RM/E,VISCONTI SRL,01408471009,VISCONTI SRL,"U00120/12
U00334/12",DECRETO DI ACCREDITAMENTO,VIALE GIULIO CESARE 2,ROMA,00192,41.9124438,12.4697084
1032,5886,105 RM/E,IMPRESA ROSSO SPA (IMATO SRL IN LIQUIDAZIONE),04034780017,RSA BARBARANO ROMANO,U00477/13,DECRETO DI ACCREDITAMENTO,Via Barbarano Romano 43,ROMA,00189,41.98023999999999,12.42853
87,376,106 RM/F,A.I.R.R.I. - ASSOCIAZIONE ITALIANA RIABILITAZIONE REINSERIMENTO INVALIDI,01200791000,AIRRI FORMELLO,"U00289/13
U00375/13",DECRETO DI ACCREDITAMENTO,via Mariano Marchicelli 22,FORMELLO,00060,42.080142,12.404667
420,1420,106 RM/F,ANCELLE DELLA VISITAZIONE OASI TABOR RSA,07571741003,R.S.A. OASI TABOR,U00085/14,DECRETO DI ACCREDITAMENTO,"Via S. Maria della Visitazione, 35",SANTA MARINELLA,00058,42.0335042,11.8536061
644,1254,106 RM/F,ASSOCIAZIONE AIRRI MEDICAL,08510611000,AIRRI CENTRO DI CAMPAGNANO,"U00120/13
U00281/13
U00374/13
U00068/14",DECRETO DI ACCREDITAMENTO,"via della Vittoria, 25-29",CAMPAGNANO DI ROMA,00063,42.1376491,12.3807196
75,151,106 RM/F,ASSOCIAZIONE COMUNITÀ MONDO NUOVO ONLUS,04381271008,VILLA SERGETTO,U00267/13,DECRETO DI ACCREDITAMENTO,Via Braccianese Claudia Km. 69 300,CIVITAVECCHIA,00053,42.0924239,11.7954132
17,1343,106 RM/F,ASSOCIAZIONE ISTITUTO SANTA CECILIA CURA E RIABILITAZIONE,01040621003,CENTRO DI RIABILITAZIONE ASSOCIAZIONE ISTITUTO SANTA CECILIA CURA E RIABILITAZIONE,U00269/13,DECRETO DI ACCREDITAMENTO,via maratona 11,CIVITAVECCHIA,00053,42.0732768,11.8097007
850,787,106 RM/F,ASSOCIAZIONE LOIC FRANCIS-LEE,08145201003,CASA LOIC,"U00089/13
U00380/13",DECRETO DI ACCREDITAMENTO,VIA GROTTAPONGA S.N.C.,CAPENA,00060,42.1252897,12.5444214
410,1326,106 RM/F,CASA DI CURA MADONNA DEL ROSARIO SRL,01036061008,CASA DI CURA PRIVATA MADONNA DEL ROSARIO SRL,U00164/13,DECRETO DI ACCREDITAMENTO,Via Buonarroti 81,CIVITAVECCHIA,00053,42.08913949999999,11.8022797
899,1648,106 RM/F,CENTRO DI CHIRURGIA AMBULATORIALE DOTT. GIUSEPPE CROCCHIANTI,00139251003,CENTRO DI CHIRURGIA AMBULATORIALE DOTT. GIUSEPPE CROCCHIANTI,"U00127/12
U00322/14",DECRETO DI REVOCA,Via Pietro Nenni n. J8/H,CIVITAVECCHIA,00053,42.0941944,11.8127521
98,602,106 RM/F,CENTRO DIAGNOSTICO BRAMANTE S.R.L.,06935691003,STRUTTURA AMBULATORIALE CENTRO DIAGNOSTICO BRAMANTE SRL,U00492/12,DECRETO DI ACCREDITAMENTO,"VIA BRAMANTE, 1",CIVITAVECCHIA,00053,42.0902123,11.7984285
404,1270,106 RM/F,CENTRO DIAGNOSTICO BUONARROTI SRL,01417101001,STRUTTURA AMBULATORIALE CENTRO DIAGNOSTICO BUONARROTI SRL,"U00062/13
U00195/13
U00382/13",DECRETO DI ACCREDITAMENTO,Via Buonarroti 26-30 - Via S. V. Strambi 4-8,CIVITAVECCHIA,00053,42.0924239,11.7954132
271,1402,106 RM/F,CENTRO DIAGNOSTICO RIVIERA SNC DI TARANTINO LINDA & C.,01340121001,STRUTTURA AMBULATORIALE CENTRO DIAGNOSTICO RIVIERA SNC DI TARANTINO LINDA & C.,U00435/12,DECRETO DI ACCREDITAMENTO,Via della Libertà 56-58,SANTA MARINELLA,00058,42.03445,11.86346
704,31,106 RM/F,CENTRO DIAGNOSTICO SABATINO S.R.L.,01062261001,STRUTTURA AMBULATORIALE CENTRO DIAGNOSTICO SABATINO SRL,U00409/12,DECRETO DI ACCREDITAMENTO,"VIA ROMANA,10",ANGUILLARA SABAZIA,00061,42.0912126,12.2716617
926,1225,106 RM/F,CENTRO MEDICO RADIOLOGICO BIOMEDICA S.R.L.,01236551006,CENTRO MEDICO RADIOLOGICO BIOMEDICA SRL,U00132/12,DECRETO DI ACCREDITAMENTO,VIA ANCONA 94 - 1° PIANO INT 1,LADISPOLI,00055,41.949272,12.077886
328,1071,106 RM/F,CONGREGAZIONE BENEDETTINA SUORE RIPARATRICI DEL SANTO VOLTO DI N.S.G.C.,01338940560,RSA,U00385/13,DECRETO DI ACCREDITAMENTO,"via Cesare Battistti, 7",SANTA MARINELLA,00058,42.0314331,11.8395743
934,1091,106 RM/F,CONGREGAZIONE BENEDETTINA SUORE RIPARATRICI DEL SANTO VOLTO DI N.S.G.C.,01338940560,REGINA COELORUM,U00368/13,DECRETO DI ACCREDITAMENTO,"Via Cesare Battisti, 10",SANTA MARINELLA,00058,42.0302204,11.8396349
1009,1014,106 RM/F,CONGREGAZIONE BENEDETTINA SUORE RIPARATRICI DEL SANTO VOLTO DI N.S.G.C.,01338940560,CASA DI CURA  SANTO VOLTO ,U00410/13,DECRETO DI ACCREDITAMENTO,"via Cesare Battistti, 7",SANTA MARINELLA,00058,42.0314331,11.8395743
697,1023,106 RM/F,"CONGREGAZIONE FEMMINILE SERVE DEI POVERI, PROGETTO PSICOTERAPEUTICO GIACOMO CUSMANO",03905750828,PROGETTO PSICOTERAPEUTICO GIACOMO CUSMANO,U00446/13,DECRETO DI ACCREDITAMENTO,"VIA GIACOMO CUSMANO,28",ANGUILLARA SABAZIA,00061,42.09147859999999,12.2715458
581,1012,106 RM/F,COOP. SOC. AQUILONE AZZURRO A.R.L.,06710861003,LA GATTA,U00071/13,DECRETO DI ACCREDITAMENTO,"lungomare G.Marconi, 96",SANTA MARINELLA,00058,42.030718,11.843813
947,291,106 RM/F,'COOPERATE' SOC. COOP A R.L.,01354051003,"PROGETTO TERAPEUTICO ""FRATELLO SOLE""","U00285/13
U00416/13
U00527/13",DECRETO DI ACCREDITAMENTO,"via dei Normanni, 8/10",SANTA MARINELLA,00050,42.021883,11.957825
108,744,106 RM/F,DIAVERUM ITALIA S.R.L.,02243300361,DIAVERUM ITALIA S.R.L - LADISPOLI CENTRO DIALISI,U00211/14,DECRETO DI ACCREDITAMENTO,Via Aldo Moro 38,LADISPOLI,00055,41.965293,12.078252
16,1328,106 RM/F,FIOGERI SANITA' SRL,05393651004,OSPEDALE DI COMUNITA' - RSA SAN LUIGI GONZAGA ,U00119/13,DECRETO DI ACCREDITAMENTO,"VIA AURELIA KM 41,300",LADISPOLI,00055,41.9732588,12.0764367
617,513,106 RM/F,GALILEO GALILEI SNC DI S. MASTELLONE & C.,01153131006,GALILEO GALILEI S.N.C.,U00473/12,DECRETO DI ACCREDITAMENTO,"Via G. Amendola, 4",FIANO ROMANO,00065,42.168812,12.586945
3,1144,106 RM/F,GGR RADIOLOGICA VITA SRL,05320820581,GGR RADIOLOGICA VITA SRL,U00480/12,DECRETO DI ACCREDITAMENTO,"VIA STRADA VECCHIA, 2",RIANO,00060,42.098157,12.51148
66,1019,106 RM/F,IDAC SRL ISTITUTO DIAGNOSTICO ANALISI CLINICHE,01121651002,STRUTTURA AMBULATORIALE IDAC SRL,U00474/12,DECRETO DI ACCREDITAMENTO,"Via G. Di Vittorio, 3",MORLUPO,00067,42.145207,12.493085
726,483,106 RM/F,IL LORETO S.R.L,00958141004,LE QUERCE - CASA DEI NONNI,"U00220/13
U00134/14",DECRETO DI ACCREDITAMENTO,"via Casale delle Grazie, 4",MANZIANA,00066,42.12260999999999,12.12749
608,381,106 RM/F,IPAB ENTE ASSISTENZA SOCIALE 'IL SALVATORE',04291511006,CENTRO DI RIABILITAZIONE PRIVATO S.MARIA DEL PRATO,U00323/14,DECRETO DI ACCREDITAMENTO,"VIA ROMA, 50",CAMPAGNANO DI ROMA,00063,42.13693540000001,12.3785388
662,1479,106 RM/F,IRMED SRL,06933001007,IRMED SRL,U00290/12,DECRETO DI ACCREDITAMENTO,P.ZZA ODESCALCHI 4,LADISPOLI,00055,41.95175,12.06818
674,1673,106 RM/F,LABORATORIO ANALISI CLINICHE MEDICHE IANNACCONE S.R.L.,04938281005,LABORATORIO ANALISI CLINICHE MEDICHE IANNACCONE S.R.L.,U00131/12,DECRETO DI ACCREDITAMENTO,Viale Odescalchi n. 11,BRACCIANO,00062,42.1027222,12.1743105
130,1157,106 RM/F,LABORATORIO ANALISI MANZONI SNC,02148111004,LABORATORIO ANALISI MANZONI SNC,"U00450/12
U00226/13
U00253/14",DECRETO DI ACCREDITAMENTO,via Flaminia 6/S,RIGNANO FLAMINIO,00068,42.2062919,12.4785399
452,6669,106 RM/F,LABORATORIO ANALISI MEDICAL FISIOLAB SNC,04372451007,MEDICAL FISIOLAB SNC,U00344/13,DECRETO DI ACCREDITAMENTO,"VIA STRADA VECCHIA, 2",RIANO,00060,42.098157,12.51148
735,697,106 RM/F,LABORATORIO ANALISI PRAECILIA SRL,01227441001,STRUTTURA AMBULATORIALE POLIAMBULATORIO PRAECILIA,U00407/12,DECRETO DI ACCREDITAMENTO,"CORSO VITTORIO EMANUELE,170",MANZIANA,00066,42.1313821,12.1280818
770,1413,106 RM/F,LABORATORIO ANALISI S. GIORGIO S.R.L.,01052091004,LABORATORIO ANALISI S. GIORGIO S.R.L.,U00458/12,DECRETO DI ACCREDITAMENTO,PIAZZA DEL CONSERVATORIO 4/5,CIVITAVECCHIA,00053,42.0924239,11.7954132
440,1781,106 RM/F,LABORATORIO ANALISI SALVATORI S.R.L.,01713261004,LABORATORIO SALVATORI SRL POLIAMBULATORIO - RADIOLOGIA ,U00385/12,DECRETO DI ACCREDITAMENTO,L.GO CARDINAL GASPARRI 18,SACROFANO,00060,42.1046039,12.4479796
485,435,106 RM/F,LIVIA TIBERINA SRL,05275861002,RSA LIVIA TIBERINA,U00095/13,DECRETO DI ACCREDITAMENTO,VIA MONTE MAJ 4,CASTELNUOVO DI PORTO,00060,42.10241,12.57655
830,386,106 RM/F,MAIEUSIS SOCIETA' COOPERATIVA SOCIALE,04098851001,MAIEUSIS COOP - COMUNITÀ PSICO TERAPEUTICA,"U00167/13
U00054/14",DECRETO DI ACCREDITAMENTO,Via di Macchia Tonda 8/10,CAPENA,00060,42.11121,12.55048
800,1230,106 RM/F,MANT MED SRL,06992021003,MANT MED SRL,U00454/12,DECRETO DI ACCREDITAMENTO,VIA ANCONA 94 PIANO TERRA,LADISPOLI,00055,41.9498965,12.0761045
386,855,106 RM/F,MEDICAL SPURI SRL,07446261005,MEDICAL SPURI SRL,U00028/12,DECRETO DI ACCREDITAMENTO,VIA ETRURIA 8,CIVITAVECCHIA,00053,42.09287,11.79929
252,73,106 RM/F,PARSEC COOPERATIVA SOCIALE A R.L.,05127301009,PRESIDIO 1,U00335/13,DECRETO DI ACCREDITAMENTO,Via Gregorio Rocchi 11,CASTELNUOVO DI PORTO,00060,42.1248355,12.4904854
77,237,106 RM/F,PIANETA RIABILITAZIONE SRL,05386451008,PIANETA RIABILITAZIONE SRL,U00367/13,DECRETO DI ACCREDITAMENTO,LARGO DANTE TRAVAGLIATI N. 7,CERVETERI,00052,41.988425,12.087745
555,1627,106 RM/F,RES MEDICA SNC DI LORIANA PETRUZZI E C.,01297361006,RES MEDICA SNC DI LORIANA PETRUZZI E C.,"U00440/12
U00497/13",DECRETO DI ACCREDITAMENTO,Via Nazario Sauro 43,FORMELLO,00060,42.081444,12.40221
187,987,106 RM/F,RESIDENZA DEI RENAI SRL,05724241004,RSA SAN RAFFAELE TREVIGNANO,"U00197/13
U00331/13
U00072/14",DECRETO DI ACCREDITAMENTO,Via della Rena 73,TREVIGNANO ROMANO,00069,42.1588932,12.2319225
877,1399,106 RM/F,REVERIE COMUNITÀ 1,03788361008,REVERIE COMUNITA' 1 - MADONNA DEI DUE PONTI,U00124/13,DECRETO DI ACCREDITAMENTO,Via Madonna dei due ponti s.n.c.,ROMA,00060,42.13657269999999,12.542643
1004,1411,106 RM/F,Reverie Fondatori Impresa Sociale s.r.l.,03788361008,REVERIE COMUNITA' 1 - CENTRO DIURNO MADONNA DEI DUE PONTI,"U00252/13
U00123/14",DECRETO DI ACCREDITAMENTO,Via Madonna dei due ponti s.n.c.,CAPENA,00060,42.13657269999999,12.542643
1005,986,106 RM/F,Reverie Fondatori Impresa Sociale s.r.l.,03788361008,REVERIE COMUNITA' 1 - COMUNITA' TERAPEUTICO RIABILITATIVA,"U00276/13
U00005/14
U00122/14",DECRETO DI ACCREDITAMENTO,PASSO DEL CAVALLONE,CAPENA,00060,42.1409078,12.5394045
539,1472,106 RM/F,RSA FLAMINIA SRL,05377871008,RSA FLAMINIA (EX SORATTE),U00128/13,DECRETO DI ACCREDITAMENTO,VIA CAMPAGNANESE SNC,MORLUPO,00067,42.1489042,12.5030592
802,1008,106 RM/F,SALUS DI ALABISO ROBERTO & C S.N.C.,01056981002,SALUS DI ALABISO ROBERTO & C SNC,U00171/12,DECRETO DI ACCREDITAMENTO,VIA ANCONA 94,LADISPOLI,00055,41.949272,12.077886
646,1266,106 RM/F,SALUS S.R.L.,01255421008,SALUS S.R.L.,U00126/12,DECRETO DI ACCREDITAMENTO,Via Raffaele Cadorna 8/12,CIVITAVECCHIA,00053,42.09619929999999,11.7893036
215,318,106 RM/F,SANIMEDICA CCR SRL,01554521003,RSA BELLOSGUARDO,U00096/14,DECRETO DI ACCREDITAMENTO,VIA DELLE BOCCELLE N.3A,CIVITAVECCHIA,00053,42.06198,11.81869
678,1760,106 RM/F,SCOFIT RX SRL,01257251007,STRUTTURA AMBULATORIALE SCOFIT RX SRL,"U00439/12
U00018/14
U00254/14",DECRETO DI ACCREDITAMENTO,via Flaminia 6/R,RIGNANO FLAMINIO,00068,42.2062919,12.4785399
367,546,106 RM/F,STUDIO DI RADIOLOGIA MEDICA FASANELLI SNC,01134501004,STUDIO DI RADIOLOGIA MEDICA FASANELLI SNC ,"U00438/12
U00500/13",DECRETO DI ACCREDITAMENTO,VIA NAZARIO SAURO 43,FORMELLO,00060,42.081444,12.40221
516,61,106 RM/F,STUDIO DIAGNOSTICO TIBERINO,01516181003,STUDIO DIAGNIOSTICO TIBERINO DI ELEONORA DI GIORGI & C. SNC,U00436/12,DECRETO DI ACCREDITAMENTO,"Via Pietro Nenni, n° 2",FIANO ROMANO,00065,42.1662161,12.5889596
295,1608,106 RM/F,TERME DI STIGLIANO SRL,00962291001,TERME DI STIGLIANO,U00336/14,DECRETO DI ACCREDITAMENTO,LOCALITA' BAGNI STIGLIANO 2,CANALE MONTERANO,00062,42.1400313,12.1047329
1034,5714,106 RM/F,IMMOBILIARE MARINA DI SORSO SRL,06653191004,RSA SANTA MARINELLA *2,"U00297/13
U00103/14",DECRETO DI ACCREDITAMENTO,"via Aurelia, 183",SANTA MARINELLA,00058,42.0379294,11.8745564
1035,5692,106 RM/F,TOLFA CARE SRL,02312630417,RSA QUINTA STELLA *2,U00296/13,DECRETO DI ACCREDITAMENTO,"Via Grmasci, 1",TOLFA,00059,42.15103999999999,11.93551
588,1069,107 RM/G,3D DI DE AMICIS ITALO MARCELLO & CO. SNC,01856791007,SETTEVILLE,U00085/13,DECRETO DI ACCREDITAMENTO,VIA TIBURTINA N. 258,GUIDONIA MONTECELIO,00012,41.9521579,12.7295496
265,1311,107 RM/G,ANALISI CLINICHE CIOCCI SRL,04410741005,STRUTTURA AMBULATORIALE ANALISI CLINICHE CIOCCI SRL ,U00319/12,DECRETO DI ACCREDITAMENTO,"Via Palatina, 19 ",TIVOLI,00019,41.9636216,12.7995038
910,1751,107 RM/G,ANALISI CLINICHE VILLA ADRIANA S.R.L.,02940630581,CENTRO AMBULATORIALE ANALISI,"U00310/12
U00170/13",DECRETO DI ACCREDITAMENTO,VIALE TOMEI 3,TIVOLI,00019,41.9594892,12.7987525
391,38,107 RM/G,ASSOCIAZIONE DIANOVA ONLUS,01824880023,STRUTTURA PER LA CURA E LA RIABILITAZIONE DELLE PERSONE IN STATO DI DIPENDENZA,U00408/13,DECRETO DI ACCREDITAMENTO,STRADA DELLA SALVIA 13,PALOMBARA SABINA,00018,42.083944,12.7555438
33,1684,107 RM/G,ASSOCIAZIONE EGO ONLUS,08502441002,VILLA LETIZIA,U00090/13,DECRETO DI ACCREDITAMENTO,"VIA COLLE RISTRETTI, 88",ZAGAROLO,00039,41.8309962,12.8116935
510,825,107 RM/G,ASSOCIAZIONE INSIEME ONLUS,06311991001,INSIEME,U00047/13,DECRETO DI ACCREDITAMENTO,"via cardinale pietro parente, 33",SAN CESAREO,00030,41.8185638,12.7979193
785,1659,107 RM/G,ASSOCIAZIONE INSIEME ONLUS,06311991001,AL COLLE,U00046/13,DECRETO DI ACCREDITAMENTO,"Via cardinale pietro parente, 33",SAN CESAREO,00030,41.8185638,12.7979193
900,1661,107 RM/G,ASSOCIAZIONE INSIEME ONLUS,06311991001,OPERIAMO ASSIEME,U00043/13,DECRETO DI ACCREDITAMENTO,"via agrolatino, 112",LABICO,00030,41.7956046,12.8645374
13,1264,107 RM/G,AURORA HOSPITAL SRL,08161301000,PRESIDIO 1,U00448/13,DECRETO DI ACCREDITAMENTO,"Via S. Ambrogio, 1",COLLEFERRO,00034,41.7304755,13.0031463
873,1761,107 RM/G,NOMENTANA HOSPITAL,12153271007,NUOVO HOSPICE - DIALISI - RSA VALLE DEI CORSI A E B - POST ACUZIE - CENTRO POLIAMBULATORIALE - SERVIZI GENERALI,"U00282/13
U00530/13
U00004/14
U00024/14",DECRETO DI ACCREDITAMENTO,"Largo Nicola Berloco, 1",FONTENUOVA,00013,41.9932543,12.6125923
304,1744,107 RM/G,CENTRO DI TERAPIA FISICA E GINNASTICA MEDICA SRL,01055041006,CENTRO AMBULATORIALE,"U00472/12
U00225/13",DECRETO DI ACCREDITAMENTO,Viale Trieste 2,TIVOLI,00019,41.9594986,12.7982978
305,1744,107 RM/G,CENTRO DI TERAPIA FISICA E GINNASTICA MEDICA SRL,01055041006,CENTRO AMBULATORIALE,U00479/12,DECRETO DI ACCREDITAMENTO,VIA TIBURTINA,TIVOLI,00019,41.9579586,12.7769057
335,131,107 RM/G,CENTRO FISIOTERAPICO SRL,01938951009,CENTRO FISIOTERAPICO SRL,U00223/12,DECRETO DI ACCREDITAMENTO," via Martiri di Cicchetti, 6",SUBIACO,00028,41.924433,13.097746
685,1188,107 RM/G,CENTRO MEDICO FILIPPI S.R.L.,04148201009,CENTRO MEDICO FILIPPI S.R.L.,U00173/12,DECRETO DI ACCREDITAMENTO,via consolare latina 48,COLLEFERRO,00034,41.7265996,13.0071962
767,1358,107 RM/G,CENTRO MEDICO POLISPECIALISTICO VILLANOVA SRL,01689771002,CENTRO MEDICO POLISPECIALISTICO VILLANOVA SRL,"U00253/12
U00457/13",DECRETO DI ACCREDITAMENTO,"VIA NAZ. TIBURTINA KM 25,600",GUIDONIA MONTECELIO,00012,41.9939694,12.7245045
975,512,107 RM/G,DIAGNOSI ANALISI E TERAPIE PASTEUR S.R.L.,01224981009,STRUTTURA AMBULATORIALE - DIAGNOSI ANALISI E TERAPIE PASTEUR S.R.L.,U00209/12,DECRETO DI ACCREDITAMENTO,"Via Luigi Einaudi, 33",MENTANA,00013,42.037647,12.6419
590,1080,107 RM/G,DIAGNOSIS S.R.L.,04120211000,PRESIDIO AMBULATORIALE DIAGNOSIS SRL,U00053/12,DECRETO DI ACCREDITAMENTO,VIA GIUSEPPE DI VITTORIO 5,ARTENA,00031,41.74321,12.9121606
676,1702,107 RM/G,EIDOS DIAGNOSTICA PER IMMAGINI S.R.L.,03517411009,STRUTTURA AMBULATORIALE EIDOS DIAGNOSTICA PER IMMAGINI SRL,U00400/12,DECRETO DI ACCREDITAMENTO,Viale Roma 52-60,GUIDONIA MONTECELIO,00012,41.995038,12.725823
1,1117,107 RM/G,EUROMEDICAL S.R.L.,05522041002,EUROMEDICAL S.R.L.,U00445/12,DECRETO DI ACCREDITAMENTO,VIA FONTANA BRACCHI 63,COLLEFERRO,00034,41.721128,13.003187
491,510,107 RM/G,FLEMING SRL,01267311007,FLEMING,U00213/12,DECRETO DI ACCREDITAMENTO,VIA EDMONDO RIVA 59/Z,MONTEROTONDO,00015,42.055816,12.6167811
177,1863,107 RM/G,GERESS S.R.L.,07664411001,COLLE CESARANO PSICHIATRIA,U00155/13,DECRETO DI ACCREDITAMENTO,"Via Maremmana Inferiore Km 3,200",TIVOLI,00010,41.959817,12.8022261
178,1862,107 RM/G,GERESS S.R.L.,07664411001,COLLE CESARANO RSA ,"U00169/13
U00346/14",DECRETO DI ACCREDITAMENTO,"Via Maremmana Inferiore Km 3,200",TIVOLI,00010,41.959817,12.8022261
158,1595,107 RM/G,GIEFFE SANITÀ S.R.L.,09731281003,VILLA MADDALENA,U00165/13,DECRETO DI ACCREDITAMENTO,Via Sant'Anna 26,CASTEL MADAMA,00024,41.9606951,12.8004384
437,1694,107 RM/G,GLI ANNALI S.R.L.,06054921009,GLI ANNALI,U00262/13,DECRETO DI ACCREDITAMENTO,Via degli Annali snc,CINETO ROMANO,00020,42.04946229999999,12.9617088
635,859,107 RM/G,HUGH O'HEIR S.R.L.,05490111001,STRUTTURA AMBULATORIALE HUGH O'HEIR S.R.L.,U00125/12,DECRETO DI ACCREDITAMENTO,"Via F. De Pinedo, 32/A",GUIDONIA MONTECELIO,00012,41.9952619,12.725653
979,654,107 RM/G,IL VOLO COOP. SOC. DI PROD E LAVORO,05669631003,LA STAFFA,"U00072/13
U00418/13",DECRETO DI ACCREDITAMENTO,VIA BARI 17/19,GUIDONIA MONTECELIO,00012,41.9532615,12.7296655
736,746MP,107 RM/G,ISTITUTO NEUROTRAUMATOLOGICO ITALIANO SPA,01009381003,CASA DI CURA INI MEDICUS ACUTI - RIABILITAZIONE - RSA1 - RSA2  - AMBULATORIALE,"U00347/13
U00305/14",DECRETO DI ACCREDITAMENTO,P.le San Giovanni di Dio,TIVOLI,00019,41.959817,12.8022261
976,747MP,107 RM/G,ISTITUTO NEUROTRAUMATOLOGICO ITALIANO SPA,01009381003,CASA DI CURA INI VILLA DANTE RIABILITAZIONE - AMBULATORIALE,"U00312/13
U00463/13
U00266/14",DECRETO DI ACCREDITAMENTO,"Viale Roma, 298",GUIDONIA MONTECELIO,00012,41.9562532,12.710824
122,883,107 RM/G,ITALIAN HOSPITAL GROUP SPA,06703461001,CENTRO DIURNO PER IL TRATTAMENTO DEI DCA E OBESITÀ VILLA PIA,U00218/13,DECRETO DI ACCREDITAMENTO,"Via Pantano, 35",GUIDONIA MONTECELIO,00012,41.9860388,12.7214803
123,319,107 RM/G,ITALIAN HOSPITAL GROUP SPA,06703461001,"STRUTTURA RESIDENZIALE PSICHIATRICA ""SUBIACO 2""",U00178/13,DECRETO DI ACCREDITAMENTO,"CORSO CESARE BATTISTI, 13",SUBIACO,00028,41.9245457,13.0904107
191,1054,107 RM/G,ITALIAN HOSPITAL GROUP SPA,06703461001,DIALISI ,U00063/14,DECRETO DI ACCREDITAMENTO,Via Tiburtina,GUIDONIA MONTECELIO,00012,41.9413296,12.6491829
241,724,107 RM/G,ITALIAN HOSPITAL GROUP SPA,06703461001,STRUTTURA RESIDENZIALE PSICHIATRICA IHG CANTERANO 1 ,U00223/13,DECRETO DI ACCREDITAMENTO,"Via della Maddalena, 2",ROCCA CANTERANO,00020,41.957104,13.0206777
489,467,107 RM/G,ITALIAN HOSPITAL GROUP SPA,06703461001,STRUTTURA RESIDENZIALE PSICHIATRICA VILLANOVA 1 ,U00162/13,DECRETO DI ACCREDITAMENTO,"Via Cialdini, 25 ",GUIDONIA MONTECELIO,00011,41.9638143,12.7525283
611,392,107 RM/G,ITALIAN HOSPITAL GROUP SPA,06703461001,STRUTTURA RESIDENZIALE PSICHIATRICA VILLA ADRIANA 1,U00011/14,DECRETO DI ACCREDITAMENTO,"Via Sardegna, 2 ",TIVOLI,00010,41.955482,12.7691275
628,655,107 RM/G,ITALIAN HOSPITAL GROUP SPA,06703461001,STRUTTURA RESIDENZIALE PSICHIATRICA VILLAGGIO ADRIANO  2,U00196/13,DECRETO DI ACCREDITAMENTO,"Via del Canopo, 6",TIVOLI,00010,41.9423283,12.7574579
634,843,107 RM/G,ITALIAN HOSPITAL GROUP SPA,06703461001,STRUTTURA RESIDENZIALE PER IL TRATTAMENTO DEI DCA E OBESITÀ VILLA PIA,U00211/13,DECRETO DI ACCREDITAMENTO,"Via Pantano, 35",GUIDONIA MONTECELIO,00012,41.9860388,12.7214803
841,633,107 RM/G,ITALIAN HOSPITAL GROUP SPA,06703461001,STRUTTURA RESIDENZIALE PSICHIATRICA VILLANOVA GIONA,U00173/13,DECRETO DI ACCREDITAMENTO,"Via Carini, 15",GUIDONIA MONTECELIO,00011,41.9677677,12.7538264
1000,48,107 RM/G,ITALIAN HOSPITAL GROUP SPA,06703461001,"STRUTTURA RESIDENZIALE PSICHIATRICA ""SUBIACO 1"" ",U00159/13,DECRETO DI ACCREDITAMENTO,"CORSO CESARE BATTISTI, 13",SUBIACO,00028,41.9245457,13.0904107
1001,492,107 RM/G,ITALIAN HOSPITAL GROUP SPA,06703461001,STRUTTURA RESIDENZIALE PSICHIATRICA VILLANOVA 2,U00174/13,DECRETO DI ACCREDITAMENTO,"Via Cialdini, 25 ",GUIDONIA MONTECELIO,00011,41.9638143,12.7525283
1002,649,107 RM/G,ITALIAN HOSPITAL GROUP SPA,06703461001,STRUTTURA RESIDENZIALE PSICHIATRICA VILLAGGIO ADRIANO 1 ,U00192/13,DECRETO DI ACCREDITAMENTO,"Via del Canopo, 6",TIVOLI,00010,41.9423283,12.7574579
1003,767,107 RM/G,ITALIAN HOSPITAL GROUP SPA,06703461001,STRUTTURA RESIDENZIALE PSICHIATRICA IHG CANTERANO 2,U00222/13,DECRETO DI ACCREDITAMENTO,"Via della Maddalena, 2",ROCCA CANTERANO,00020,41.957104,13.0206777
1012,411,107 RM/G,ITALIAN HOSPITAL GROUP SPA,06703461001,STRUTTURA RESIDENZIALE PSICHIATRICA VILLA ADRIANA 2,U00012/14,DECRETO DI ACCREDITAMENTO,"Via Sardegna, 2 ",TIVOLI,00010,41.955482,12.7691275
1013,419,107 RM/G,ITALIAN HOSPITAL GROUP SPA,06703461001,STRUTTURA RESIDENZIALE PSICHIATRICA VILLA ADRIANA 3,U00013/14,DECRETO DI ACCREDITAMENTO,"Via Sardegna, 2 ",TIVOLI,00010,41.955482,12.7691275
1014,424,107 RM/G,ITALIAN HOSPITAL GROUP SPA,06703461001,STRUTTURA RESIDENZIALE PSICHIATRICA VILLA ADRIANA 4,U00010/14,DECRETO DI ACCREDITAMENTO,"Via Sardegna, 2 ",TIVOLI,00010,41.955482,12.7691275
1017,906,107 RM/G,ITALIAN HOSPITAL GROUP SPA,06703461001,RSA 1 GERIATRIA,U00035/14,DECRETO DI ACCREDITAMENTO,Via Tiburtina,GUIDONIA MONTECELIO,00012,41.9413296,12.6491829
1018,1001,107 RM/G,ITALIAN HOSPITAL GROUP SPA,06703461001,RSA 2 DISABILITA',U00036/14,DECRETO DI ACCREDITAMENTO,Via Tiburtina,GUIDONIA MONTECELIO,00012,41.9413296,12.6491829
1019,1017,107 RM/G,ITALIAN HOSPITAL GROUP SPA,06703461001,RSA 3 GERIATRIA,U00038/14,DECRETO DI ACCREDITAMENTO,Via Tiburtina,GUIDONIA MONTECELIO,00012,41.9413296,12.6491829
1020,1049,107 RM/G,ITALIAN HOSPITAL GROUP SPA,06703461001,HOSPICE - CENTRO RESIDENZIALE PER CURE PALLIATIVE - ASSISTENZA DOMICILIARE - AMBULATORIO DI NEUROLOGIA E UVA,U00043/14,DECRETO DI ACCREDITAMENTO,Via Tiburtina,GUIDONIA MONTECELIO,00012,41.9413296,12.6491829
529,1287,107 RM/G,"LABORATORIO ANALISI CLINICHE ""TIBURTINO VALERIO"" S.R.L.",01142571007,STRUTTURA AMBULATORIALE LABORATORIO ANALISI CLINICHE TIBURTINO VALERIO S.R.L.,"U00288/12
U00037/13",DECRETO DI ACCREDITAMENTO,"Via Tiburtina Valeria, 36",VICOVARO,00029,42.01612430000001,12.8954388
905,1700,107 RM/G,LABORATORIO ANALISI CLINICHE E MICROBIOLOGICHE SANTACROCE S.R.L.,01130081001,STRUTTURA AMBULATORIALE LABORATORIO ANALISI CLINICHE E MICROBIOLOGICHE SANTACROCE SRL,U00297/12,DECRETO DI ACCREDITAMENTO,Viale Arnaldi 13-15,TIVOLI,00019,41.9598822,12.795141
909,1732,107 RM/G,LABORATORIO ANALISI CLINICHE SALUBRIS S.S.,02146131004,STRUTTURA AMBULATORIALE LABORATORIO ANALISI SALUBRIS S.S.,U00156/12,DECRETO DI ACCREDITAMENTO,Via Roma 215,MONTELIBRETTI,00010,42.129968,12.7352
211,279,107 RM/G,LABORATORIO ANALISI CLINICHE SALUS SRL,01157671007,LABORATORIO ANALISI CLINICHE SALUS SRL,U00267/12,DECRETO DI ACCREDITAMENTO,VIA TOMMASO NERI N.5,TIVOLI,00011,41.9529425,12.7212726
238,666,107 RM/G,LABORATORIO ANALISI GUIDONIA SRL,01078681002,STRUTTURA AMBULATORIALE LABORATORIO ANALISI GUIDONIA S.R.L.,U00311/12,DECRETO DI ACCREDITAMENTO,VIA ROMA N. 190/A,GUIDONIA MONTECELIO,00012,41.9869879,12.716552
486,444,107 RM/G,LABORATORIO ANALISI VILLANOVA SRL,01153541006,STRUTTURA AMBULATORIALE LABORATORIO ANALISI VILLANOVA S.R.L.,U00082/13,DECRETO DI ACCREDITAMENTO,VIA GALLETTI N. 8-10,GUIDONIA MONTECELIO,00012,41.9614508,12.7571047
855,821,107 RM/G,LABORATORIO CLINICO NOMENTANO SRL,01081071001,"STRUTTURA AMBULATORIALE POLIAMBULATORIO SPECIALISTICO - DIAGNOSTICA PER IMMAGINI  ""LABORATORIO CLINICO NOMENTANO""",U00228/12,DECRETO DI ACCREDITAMENTO,Via dello Stadio 1 ,MONTEROTONDO,00015,42.05502,12.6198
813,234,107 RM/G,LIBERI S.A.S. DI FRATTINI MARIA TERESA,07580341001,PRESIDIO 1,U00094/13,DECRETO DI ACCREDITAMENTO,VIA MAINELLO N. 10,GALLICANO NEL LAZIO,00010,41.8674068,12.7980496
131,1245,107 RM/G,ALLIANCE MEDICAL DIAGNOSTIC S.R.L.,02846000616,PRESIDIO AMBULATORIALE LINEA MEDICA,"U00442/12
U00053/14
U00405/14",DECRETO DI ACCREDITAMENTO,Via Ugo Foscolo 14,FONTENUOVA,00013,41.9975824,12.6215659
29,1594,107 RM/G,RIO OASI S.R.L.,05456541001,PRESIDIO 1 RSA,U00400/13,DECRETO DI ACCREDITAMENTO,"Piazza Sebastiani Antonio, snc",RIOFREDDO,00020,42.0595895,12.9978217
291,1570,107 RM/G,SAN CESAREO SRL,01257171007,LABORATORIO ANALISI POLIAMBULATORIO SAN CESAREO SRL,"U00298/12
U00149/13",DECRETO DI ACCREDITAMENTO,Via Giovanni Amendola 8,SAN CESAREO,00030,41.8230204,12.7995923
920,1894,107 RM/G,SANITAS 2002 S.R.L.,06757911000,POLIAMBULATORIO SPECIALISTICO ,U00317/12,DECRETO DI ACCREDITAMENTO,Via Speciano 5/6,CAVE,00033,41.8160609,12.9391369
408,1310,107 RM/G,SERVIZI INTERCOMUNALI SAS DI MASTROVINCENZO MAURO & C.,05716021000,FRANCESCO,U00108/13,DECRETO DI ACCREDITAMENTO,Via Cavour 12,VALMONTONE,00038,41.7728201,12.9208406
834,508,107 RM/G,STUDIO ANALISI IPPOCRATE S.R.L.,01151761002,STRUTTURA AMBULATORIALE STUDIO ANALISI IPPOCRATE S.R.L.,U00036/13,DECRETO DI ACCREDITAMENTO,"Via Palombarese Km 19,00",GUIDONIA MONTECELIO,00012,41.9939694,12.7245045
138,1290,107 RM/G,STUDIO MEDICO S.GIORGIO SRL,01259111001,STUDIO MEDICO SAN GIORGIO S.R.L,"U00061/13
U00465/13",DECRETO DI ACCREDITAMENTO,Via Fontana dell'Oste,COLLEFERRO,00034,41.7296917,13.0165809
987,812,107 RM/G,STUDIO RADIOLOGICO GUIDONIA SRL,01121641003,STRUTTURA AMBULATORIALE STUDIO RADIOLOGICO GUIDONIA SRL,U00025/13,DECRETO DI ACCREDITAMENTO,VIA ROMA 190,GUIDONIA MONTECELIO,00012,41.986933,12.716505
234,2623,107 RM/G,VILLA ALBA S.R.L.,01707861009,VILLA ALBA FONTE NUOVA,U00321/13,DECRETO DI ACCREDITAMENTO,"Via Nomentana, 432",FONTENUOVA,00013,41.9982317,12.6219777
6,1200,107 RM/G,VILLA LUANA G.I.F.I. S.R.L.,00966001000,CASA DI CURA PRIVATA VILLA LUANA,U00221/14,DECRETO DI ACCREDITAMENTO,Via Tivoli 66,POLI,00010,41.88855600000001,12.895449
1037,4295,107 RM/G,CASA 2000 S.R.L.,01336371008,RSA ICILIO GIORGIO MANCINI *2,U00258/13,DECRETO DI ACCREDITAMENTO,Viale Icilio Giorgio Mancini 12,ARCINAZZO ROMANO,00020,41.8505286,13.1734548
1038,5783,107 RM/G,FONDAZIONE  FILIPPO TURATI ONLUS,00225150473,RSA FONDAZIONE TURATI *2,U00256/13,DECRETO DI ACCREDITAMENTO,"Via Colle del Pero, 1abc",ZAGAROLO,00039,41.8371849,12.8332621
184,1211,108 RM/H,AIVA-ASSOCIAZIONE INTERNAZIONALE VITA ALTERNATIVA-ONLUS,04530181009,AIVA-ASSOCIAZIONE INTERNAZIONALE VITA ALTERNATIVA-ONLUS,U00208/13,DECRETO DI ACCREDITAMENTO,VIA LAGO DI COMO 22B,NETTUNO,00048,41.53259,12.63085
273,1410,108 RM/H,ASSOCIAZIONE ARCA- COMUNITA' IL CHICCO O.N.L.U.S (ENTE MORALE D.M.30-4-1991),1.0722801007E10,ASSOCIAZIONE ARCA COMUNITA' IL CHICCO ONLUS,"U00182/13
U00267/14",DECRETO DI ACCREDITAMENTO,"VIA ANCONA, 1",CIAMPINO,00043,41.789913,12.618578
325,1015,108 RM/H,ASSOCIAZIONE COMUNITA' MASSIMO ONLUS,9.0011070589E10,ASSOCIAZIONE COMUNITA' MASSIMO ONLUS,U00241/13,DECRETO DI ACCREDITAMENTO,VIA DELL'ORATORIO DI SANTA RITA 3,ANZIO,00042,41.458833,12.621878
687,1203,108 RM/H,ASSOCIAZIONE DI VOLONTARIATO ONLUS NUOVI ORIZZONTI,9.6218850582E10,"COMUNITÀ ""CASA GIOIA""","U00488/13
U00228/14",DECRETO DI ACCREDITAMENTO,P.zza Garibaldi 8,MARINO,00047,41.77007589999999,12.6547439
633,801,108 RM/H,ASSOCIAZIONE L'APPRODO ONLUS,04549791004,ASSOCIAZIONE L'APPRODO ONLUS ,"U00067/13
U00436/13",DECRETO DI ACCREDITAMENTO,lungomare Enea n. 10,ANZIO,00042,41.50353,12.581293
707,196,108 RM/H,ASSOCIAZIONE MAPSI- VILLA BONA,05515551009,VILLA BONA-ASSOCIAZIONE MAPSI,U00066/13,DECRETO DI ACCREDITAMENTO,Lungomare dei Troiani 58,ARDEA,00040,41.5558319,12.5318906
852,789,108 RM/H,ASSOHANDICAP ONLUS,02146781006,ASSOHANDICAP ONLUS,U00203/13,DECRETO DI ACCREDITAMENTO,"VIA PIETRO NENNI, 2",MARINO,00047,41.7731921,12.6676527
119,861,108 RM/H,BEAUTY SHOP SRL,01133291003,BEAUTY SHOP SRL,U00325/12,DECRETO DI ACCREDITAMENTO,via Armando Diaz snc,NETTUNO,00048,41.4577305,12.6654914
73,113,108 RM/H,BEL.GE.CA. S.R.L.,07067071006,MATER DEI,U00210/13,DECRETO DI ACCREDITAMENTO,via dei villini 17,ARICCIA,00040,41.72382,12.66523
334,114,108 RM/H,BEL.GE.CA. S.R.L.,07067071006,ARS SANA,U00245/13,DECRETO DI ACCREDITAMENTO,via dei villini 17,ARICCIA,00040,41.72382,12.66523
261,1265,108 RM/H,C.O.F. SRL CENTRO ORTOPEDICO FISIOTERAPICO,01172751008,C.O.F. S.R.L. CENTRO ORTOPEDICO FISIOTERAPICO,"U00248/12
U00107/14",DECRETO DI ACCREDITAMENTO,VIA DEGLI ATLANTICI 21,VELLETRI,00049,41.69161,12.780385
121,878,108 RM/H,"CASA DI CURA PRIVATA ""MADONNA DELLE GRAZIE"" S.P.A.",02155411008,SPECIALISTICA - DEGENZA CASA DI CURA PRIVATA MADONNA DELLE GRAZIE S.P.A.,"U00181/13
U00490/13
U00098/14",DECRETO DI ACCREDITAMENTO,"Viale Salvo D'Acquisto, 67",VELLETRI,00049,41.6739718,12.775624
553,27,108 RM/H,CASA DI CURA S. ANNA - POLICLINICO CITTÀ DI POMEZIA S.R.L.,01998571002,AMBULATORI -DEGENZE,"U00214/13
U00254/13",DECRETO DI ACCREDITAMENTO,Via del Mare 69/71,POMEZIA,00040,41.672433,12.495707
249,857,108 RM/H,CEFI  S.R.L,01053701007,CEFI S.R.L.,U00107/13,DECRETO DI ACCREDITAMENTO,via Giuditta Levato 3,CIAMPINO,00043,41.7894998,12.6187529
714,299,108 RM/H,CENTRO ANALISI CLINICHE MORENA DI VALENZI LIBERA S.N.C,01149931006,CENTRO ANALISI CLINICHE MORENA DI VALENZI LIBERA S.N.C,U00233/12,DECRETO DI ACCREDITAMENTO,Via Morena 30-32,CIAMPINO,00043,41.8049367,12.605707
970,434,108 RM/H,CENTRO ANALISI SIM.O. SRL,01314471002,STRUTT. AMBUL. CENTRO ANALISI SIM.O. SRL,U00249/12,DECRETO DI ACCREDITAMENTO,VIA ESCULAPIO c/o CENTRO COMM. ANTEO,ANZIO,00042,41.4495955,12.6197253
727,497,108 RM/H,CENTRO ITALIANO DI SOLIDARIETÀ DON MARIO PICCHI,02151521008,"CE.I.S. DON MARIO PICCHI ""S.CARLO-S.FRANCESCA ROMANA""",U00287/13,DECRETO DI ACCREDITAMENTO,Via Alessandro Volta 2,MARINO,00047,44.7864466,10.8817219
315,1873,108 RM/H,CENTRO RADIODIAGNOSTICO PROF.F.GIANCOTTI,04930141009,CENTRO RADIODIAGNOSTICO PROF.F.GIANCOTTI,U00247/12,DECRETO DI ACCREDITAMENTO,via bad pyrmont 2,ANZIO,00042,41.45284700000001,12.634015
831,410,108 RM/H,ALLIANCE MEDICAL DIAGNOSTIC S.R.L.,02846000616,Centro Ricerche Cliniche S.r.l.,"U00313/12
U00058/13
U00280/14",DECRETO DI ACCREDITAMENTO,Via Cicerone 15,POMEZIA,00040,41.667403,12.496333
14,1289,108 RM/H,CINTHIANUM LABAC SRL,01320451006,CINTHIANUM LABAC S.R.L.,U00196/12,DECRETO DI ACCREDITAMENTO,"VIA ANTONIO GRAMSCI, 7",GENZANO DI ROMA,00045,41.7074882,12.6883827
257,1120,108 RM/H,COL.NAV.SRL,1.0241781003E10,SRSR  VILLA NOVA,"U00064/13
U00051/14",DECRETO DI ACCREDITAMENTO,"VIA GIUSEPPE GARIBALDI,337",LARIANO,00040,41.7122465,12.8430223
758,1236,108 RM/H,COOPERATIVA SOCIALE RAYMOND GLEDHILL ONLUS,05910831006,SRTRE RAYMOND GLEDHILL AL COLLE,U00132/13,DECRETO DI ACCREDITAMENTO,VIA COLLE CAVALIERI 32,LANUVIO,00040,41.658881,12.69106
801,1002,108 RM/H,COOPERATIVA SOCIALE RAYMOND GLEDHILL ONLUS,05910831006,SRTRE RAYMOND GLEDHILL,"U00131/13
U00494/13",DECRETO DI ACCREDITAMENTO,VIA CESARE COLIZZA 56A,MARINO,00047,41.771424,12.6516075
348,932,108 RM/H,CORILAB S.R.L.,01263161000,CORILAB SRL,U00220/12,DECRETO DI ACCREDITAMENTO,via duca d'aosta 8,FRASCATI,00044,41.8075062,12.6782935
587,1065,108 RM/H,DI.FI. S.R.L.,01428781007,DI.FI. S.R.L.,U00198/12,DECRETO DI ACCREDITAMENTO,"Via Maroncelli, 19",POMEZIA,00040,41.6668019,12.501395
272,1403,108 RM/H,DIAGNOSTICA GAMMA S.R.L.,01121551004,DIAGNOSTICA GAMMA S.R.L.,"U00293/12
U00137/14",DECRETO DI ACCREDITAMENTO,"Via delle Sorgenti, 90",GROTTAFERRATA,00046,41.7824745,12.682399
281,1495,108 RM/H,DIAMANTI S.R.L.,01750851006,LABORATORIO ANALISI CLINICHE DI BASE,U00279/12,DECRETO DI ACCREDITAMENTO,"Scalinata Pompeo Magno, 4",ARICCIA,00040,41.7202212,12.6787706
849,785,108 RM/H,EULAB SRL,01316431004,EULAB SRL,U00263/14,DECRETO DI ACCREDITAMENTO,corso Giacomo Matteotti 4,ALBANO LAZIALE,00041,41.730451,12.6566672
945,187,108 RM/H,EUNOS SAS DI FABI SILVIO,06396681006,EUNOS SAS DI FABI SILVIO &,U00485/13,DECRETO DI ACCREDITAMENTO,VIA NAPOLI  221,LARIANO,00040,41.7389474,12.8478692
229,594,108 RM/H,GABINETTO ANALISI CLINICHE E BATTERIOLOGICHE TIRRENO SRL,01194831002,STRUTTURA AMBULATORIALE GABINETTO ANALISI CLINICHE E BATTERIOLOGICHE TIRRENO SRL,U00195/12,DECRETO DI ACCREDITAMENTO,"via Romana, Galleria Lumaca,47",NETTUNO,00048,41.4577305,12.6654914
487,457,108 RM/H,GNOSIS COOPERATIVA SOCIALE ONLUS,03919071005,GNOSIS CASTELLUCCIA,U00057/13,DECRETO DI ACCREDITAMENTO,Via Boville 1,MARINO,00047,41.74358,12.61361
488,462,108 RM/H,GNOSIS COOPERATIVA SOCIALE ONLUS,03919071005,LA GRANDE MONTAGNA,"U00060/13
U00014/14",DECRETO DI ACCREDITAMENTO,"Via Arturo Toscanini,17",MARINO,00047,41.755583,12.6403901
824,745MP,108 RM/H,ISTITUTO NEUROTRAUMATOLOGICO ITALIANO SPA,01009381003,CASA DI CURA INI GROTTAFERRATA RIABILITAZIONE - AMBULATORIALE,"U00204/13
U00387/13",DECRETO DI ACCREDITAMENTO,via di S. Anna snc,GROTTAFERRATA,00046,41.7865663,12.6735914
212,296,108 RM/H,ITALCLINICHE S.R.L.,04935041006,CASA DEGLI ANGELI CUSTODI,"U00322/13
U00070/14",DECRETO DI ACCREDITAMENTO,Via Antonio Gramsci n. 65,NETTUNO,00048,41.456173,12.6517344
353,321,108 RM/H,ITALCLINICHE S.R.L.,04935041006,VILLA GAIA,U00319/13,DECRETO DI ACCREDITAMENTO,Via Antonio Gramsci n. 77,NETTUNO,00048,41.4558534,12.6505788
322,1228,108 RM/H,ALLIANCE MEDICAL DIAGNOSTIC S.R.L.,02846000616,PRESIDIO1,"U00291/12
U00345/14",DECRETO DI ACCREDITAMENTO,Via Petrarca 35,POMEZIA,00040,41.674383,12.501163
414,2488,108 RM/H,LA TERESIANA SRL,04972591004,LA TERESIANA,U00409/13,DECRETO DI ACCREDITAMENTO,P.za Santa Teresa 6,ANZIO,00042,41.45330999999999,12.6247969
477,330,108 RM/H,LABORATORIO CASELLA SRL,01328981004,STRUTTURA AMBULATORIALE LABORATORIO CASELLA SRL,U00161/12,DECRETO DI ACCREDITAMENTO,Viale I° Maggio 110,GROTTAFERRATA,00046,41.7861701,12.6701352
470,247,108 RM/H,LABORATORIO DOTT.GUIDO BUGLIOSI SRL,01529821009,LABORATORIO DOTT. GUIDO BUGLIOSI SRL,U00201/12,DECRETO DI ACCREDITAMENTO,Via Olivella 14,ALBANO LAZIALE,00041,41.7310118,12.655182
556,1628,108 RM/H,LOB S.R.L.,04963731007,S.R.T.R. VILLA COSTANZA,U00303/14,DECRETO DI ACCREDITAMENTO,VIA BELMONTE 74,ROCCA PRIORA,00040,41.7850995,12.7584643
109,751,108 RM/H,MA.FE SRL IL FILO DI PENELOPE,1.0502021008E10,MA.FE SRL IL FILO DI PENELOPE,"U00059/13
U00234/14
U00296/14",DECRETO DI ACCREDITAMENTO,Via delle rose 16,LARIANO,00040,41.7150729,12.835998
210,257,108 RM/H,MEDILAB SRL,04289821003,STRUTTURA AMBULATORIALE - MEDILAB SRL,U00292/12,DECRETO DI ACCREDITAMENTO,VIA SAN FRANCESCO D'ASSISI 58,CIAMPINO,00043,41.8026476,12.5972688
275,1418,108 RM/H,ORTOCHINESIS SRL,01493731002,ORTOCHINESIS  S.R.L.,U00026/13,DECRETO DI ACCREDITAMENTO,"VIA DELLA FOLGARELLA, 49",CIAMPINO,00043,41.8035102,12.5970978
124,67,108 RM/H,OSPEDALE REGINA APOSTOLORUM,05195071005,OSPEDALE REGINA APOSTOLORUM,U00407/14,DECRETO DI ACCREDITAMENTO,Via San Francesco nr. 50,ALBANO LAZIALE,00041,41.73096470000001,12.6638227
571,1938,108 RM/H,ALLIANCE MEDICAL DIAGNOSTIC S.R.L.,02846000616,Po.Med. S.r.l.,"U00336/12
U00298/13
U00281/14",DECRETO DI ACCREDITAMENTO,via pontina vecchia Km 10,POMEZIA,00040,41.6693373,12.5023439
199,98,108 RM/H,POLIGEST SPA,04403781000,CASA DI CURA VILLA DELLE QUERCE (R),U00191/13,DECRETO DI ACCREDITAMENTO,via delle vigne 19,NEMI,00040,41.7123125,12.7169746
504,741,108 RM/H,PROVINCIA ITALIANA DEI PRETI DEL SACRO CUORE DI GESÙ DI BÉTHARRAM,00624500138,CASA FAMIGLIA VILLA DEL PINO,U00358/14,DECRETO DI ACCREDITAMENTO,Via S. Antonino 2,MONTE PORZIO CATONE,00040,41.8186,12.71146
969,420,108 RM/H,PROVINCIA ROMANA ORDINE CHIERICI REGOLARI MINISTRI DEGLI INFERMI,00999531007,CENTRO DI RIABILITAZIONE VILLAGGIO EUGENIO LITTA,"U00309/13
U00392/14",DECRETO DI ACCREDITAMENTO,"Via Anagnina, 13",GROTTAFERRATA,00046,41.7996499,12.6447607
126,1118,108 RM/H,RADIOMEDICA S.R.L.,01908501008,RADIOMEDICA S.R.L.,U00197/12,DECRETO DI ACCREDITAMENTO,via francesco baracca 5,CIAMPINO,00043,41.8002094,12.5992245
839,605,108 RM/H,RICERCHE BIOLOGICHE DELLA VALLE AURORA S.R.L.,04553941008,RICERCHE BIOLOGICHE DELLA VALLE AURORA S.R.L.,U00259/12,DECRETO DI ACCREDITAMENTO,"VIA GRAN BRETAGNA, 32",POMEZIA,00040,41.62086499999999,12.465022
2,1137,108 RM/H,SALUS SRL,02921370587,STRUTTURA AMBULATORIALE SALUS S.R.L.,U00250/12,DECRETO DI ACCREDITAMENTO,via G. Matteotti 52,GENZANO DI ROMA,00045,41.7044413,12.6941237
939,2539,108 RM/H,SAN RAFFAELE SPA,08253151008,CASA DI CURA - HOSPICE - RSA SAN RAFFAELE MONTECOMPATRI,"U00108/11
U00268/14",DECRETO DI ACCREDITAMENTO,Via S. Silvestro 67,MONTECOMPATRI,00040,41.8054157,12.7370884
36,1725,108 RM/H,STUDIO MEDICO RISORGIMENTO S.M.R. S.R.L.,01015201005,STUDIO MEDICO RISORGIMENTO SMR S.R.L.,U00194/14,DECRETO DI ACCREDITAMENTO,"Via Cisternole, 12",FRASCATI,00044,41.8224205,12.6791699
693,1220,108 RM/H,STUDIO RADIOLOGICO CATARINACCI S.R.L.,04677931000,STUDIO RADIOLOGICO CATARINACCI S.R.L.,U00194/12,DECRETO DI ACCREDITAMENTO,VIA S. FRANCESCO D'ASSISI 77,CIAMPINO,00043,41.802273,12.597833
112,780,108 RM/H,VILLA MONIA S.R.L - VILLA MONIA,1.0429421E10,VILLA MONIA,U00229/13,DECRETO DI ACCREDITAMENTO,Via Collepicchione 71/a,MARINO,00047,41.7516056,12.6316378
1040,4838,108 RM/H,ASSOHANDICAP ONLUS,02146781006,RSA IL TETTO *2,"U00259/13
U00105/14",DECRETO DI ACCREDITAMENTO,"Via Pietro Nenni, 16",MARINO,00047,41.7732806,12.6674983
1041,5900,108 RM/H,PROVINCIA ITALIANA DELLA CONGREGAZIONE DEI FIGLI DELL'IMMACOLATA CONCEZIONE,00988411005,RSA IL PIGNETO *2,U00240/13,DECRETO DI ACCREDITAMENTO,Via di Cori 18,VELLETRI,00049,41.69301,12.78999
1042,5718,108 RM/H,SIAR SOCIETÀ COOPERATIVA SOCIALE A R.L.,05384621008,RSA SACRO CUORE *2,U00260/13,DECRETO DI ACCREDITAMENTO,"Via San Lorenzo, 12",LANUVIO,00040,41.678114,12.699868
453,1013,109 VITERBO,ASSOCIAZIONE AIRRI MEDICAL,08510611000,AIRRI CENTRO VITERBESE DI RIABILITAZIONE,U00179/13,DECRETO DI ACCREDITAMENTO,"via Carlo Cattaneo,46/T",VITERBO,01100,42.41258610000001,12.1176158
338,162,109 VITERBO,ASSOCIAZIONE COMUNITÀ MONDO NUOVO ONLUS,04381271008,VILLA PARADISO,U00196/14,DECRETO DI ACCREDITAMENTO,S.P. Litoranea Km. 1 750,TARQUINIA,01016,42.25418459999999,11.7575684
478,339,109 VITERBO,CENTRO DI SOLIDARIETÀ CE.I.S. 'S.CRISPINO' DI VITERBO,9.0005460564E10,COMUNITA' ACCOGLIENZA SEMIRESIDENZIALE,U00290/14,DECRETO DI REVOCA,Via del Collegio n°2,VITERBO,01100,42.4168519,12.1068395
597,160,109 VITERBO,ASSOCIAZIONE COMUNITÀ MONDO NUOVO ONLUS,04381271008,COLLE SPERANZA,U00172/14,DECRETO DI ACCREDITAMENTO,S.S. Aurelia bis Km. 3 841,TARQUINIA,01016,42.25418459999999,11.7575684
462,154,109 VITERBO,ASSOCIAZIONE COMUNITÀ MONDO NUOVO ONLUS,04381271008,VILLA CIULEPI,U00291/14,DECRETO DI ACCREDITAMENTO,S.S. Aurelia bis Km. 10 900,MONTE ROMANO,01010,42.2681023,11.8984212
829,379,109 VITERBO,CENTRO DI SOLIDARIETÀ CE.I.S. 'S.CRISPINO' DI VITERBO,9.0005460564E10,COMUNITA' TERAPEUTICA RESIDENZIALE PALANZANA,U00074/14,DECRETO DI ACCREDITAMENTO,STRADA PALANZANA N°15,VITERBO,01100,42.41683,12.13227
962,372,109 VITERBO,CENTRO DI SOLIDARIETÀ CE.I.S. 'S.CRISPINO' DI VITERBO,9.0005460564E10,COMUNITA' TERAPEUTICA RESIDENZIALE LA QUERCIA,U00066/14,DECRETO DI ACCREDITAMENTO,strada Acquabianca n°7,VITERBO,01100,42.4399903,12.1381053
135,1278,109 VITERBO,CONGREGAZIONE BENEDETTINA SUORE RIPARATRICI DEL SANTO VOLTO DI N.S.G.C.,01338940560,R.S.A. L'ASSUNTA -BASSANO ROMANO,U00491/13,DECRETO DI ACCREDITAMENTO,"Via dei Cappuccini, 1",BASSANO ROMANO,01030,42.224479,12.186094
865,64,109 VITERBO,COTRAD COOPERATIVA SOCIALE ONLUS,01171621004,PRESIDIO DIPENDENZE (LOC. POGGIO RENA - MONTEFIASCONE),U00099/14,DECRETO DI ACCREDITAMENTO,"Via Primie, 5 ",MONTEFIASCONE,01027,42.539055,12.039633
400,1165,109 VITERBO,EMATOLOGICO VITERBESE DI ROSELLINI V. & C. S.N.C.,00198910564,EMATOLOGICO VITERBESE,"U00203/12
U00177/13
U00190/13",DECRETO DI ACCREDITAMENTO,VIA GENOVA 36,VITERBO,01100,42.4214858,12.1115084
828,378,109 VITERBO,ETRURIA LAB SAS DI BRECCIA CARLO MARIA,01625970569,ETRURIA LAB SAS DI BRECCIA CARLO MARIA,"U00207/12
U00400/14",DECRETO DI ACCREDITAMENTO,Via delle Croci n.49,TARQUINIA,01016,42.2511046,11.7610047
580,994,109 VITERBO,GRUPPO IPPOCRATE SRL,02078460561,LABORATORIO ANALISI CLINICHE,"U00229/12
U00121/14
U00393/14",DECRETO DI ACCREDITAMENTO,VIA DEL CASALETTO 5,CIVITA CASTELLANA,01033,42.296451,12.408736
227,543,109 VITERBO,GRUPPO RO.RI. S.R.L.,01565461009,CASA DI CURA NUOVA SANTA TERESA,U00262/14,DECRETO DI ACCREDITAMENTO,"strada provinciale tuscanese km 1,7",NEPI,01100,,
733,651,109 VITERBO,LABORATORIO SAN FAUSTINO  S.R.L.,00167020569,LABORATORIO SAN FAUSTINO SRL,"U00268/12
U00069/14",DECRETO DI ACCREDITAMENTO,PIAZZA SAN FRANCESCO 2,VITERBO,01100,42.42218,12.10613
296,1623,109 VITERBO,LOB S.R.L.,04963731007,RSA VILLA BENEDETTA,"U00277/14
U00396/14",DECRETO DI ACCREDITAMENTO,VIA S. BARBARA 03,VITERBO,01100,42.4315842,12.1063001
369,622,109 VITERBO,MONTALTO CHECK-UP S.R.L.,00322730565,MONTALTO CHECK-UP SRL,U00278/12,DECRETO DI ACCREDITAMENTO,S.S. 312 CASTRENSE snc,MONTALTO DI CASTRO,01014,42.3515659,11.6070098
749,87,109 VITERBO,POLIAMBULATORIO MEDICO SPECIALISTICO DEL DOTT. RODOLFO MANZI E C. S.R.L.,00142400563,STRUTTURA AMBULATORIALE POLIAMBULATORIO MEDICO SPECIALISTICO DEL DOTT. RODOLFO MANZI E C. SRL,U00355/13,DECRETO DI ACCREDITAMENTO,"Via Verentana, 20",MONTEFIASCONE,01027,42.5393614,12.0336531
363,505,109 VITERBO,PROVINCIA ITALIANA CONGREGAZIONE DELLE SUORE OSPITALIERE DEL SACRO CUORE DI GESU',01045701008,RSA VILLA ROSA - RESI PSOCH - EMER - LAB. ANALISI - CURE PALL -RADIOL - ELETTROEN - AMBU - A.D.I. - VISITE SPEC/ESAMI STRUI -RSA,U00256/14,DECRETO DI ACCREDITAMENTO,VIALE FRANCESCO BARACCA 21,VITERBO,01100,42.4263158,12.107469
680,1795,109 VITERBO,PROVINCIA ITALIANA DELLA CONGREGAZIONE DEI FIGLI DELL'IMMACOLATA CONCEZIONE,00988411005,RSA PADRE LUIGI MONTI MONTEFIASCONE,U00030/14,DECRETO DI ACCREDITAMENTO,"Via Bertina, 15",MONTEFIASCONE,01027,42.54287799999999,12.029197
932,2459,109 VITERBO,PROVINCIA ROMANA ORDINE CHIERICI REGOLARI MINISTRI DEGLI INFERMI,00999531007,COMPLESSO SOCIO SANITARIO OSPEDALIERO VILLA IMMACOLATA - RSA,U00181/14,DECRETO DI ACCREDITAMENTO,strada Sammartinese 65/a,VITERBO,01100,42.3741668,12.1248753
1054,2459,109 VITERBO,PROVINCIA ROMANA ORDINE CHIERICI REGOLARI MINISTRI DEGLI INFERMI,00999531007,CENTRO RIABILITATIVO VILLA IMMACOLATA (EX-ART 26),U00180/14,DECRETO DI ACCREDITAMENTO,Via Martiri di Via Fani,CAPRANICA,01012,42.25786799999999,12.164881
667,1515,109 VITERBO,RADIOLIGIA PROF. LUIGI CIARPAGLINI S.A.S. DI GIOVANNA GUALDI,00616280566,RADIOLIGIA PROF. LUIGI CIARPAGLINI S.A.S. DI GIOVANNA GUALDI,U00269/12,DECRETO DI ACCREDITAMENTO,"via G. Matteotti,38",VITERBO,01100,42.4207888,12.1069527
708,223,109 VITERBO,RESIDENZA CIMINA S.R.L.,01687800563,RESIDENZA CIMINA,U00088/14,DECRETO DI ACCREDITAMENTO,Via dell'Ospedale 2,RONCIGLIONE,01030,42.291847,12.212618
906,1701,109 VITERBO,SAN RAFFAELE SPA,08253151008,CENTRO DI RIABILITAZIONE VILLA BUON RESPIRO,U00249/14,DECRETO DI ACCREDITAMENTO,Strada Filante 16 ,VITERBO,01100,42.39794,12.10725
377,686,109 VITERBO,NUOVO ARCOBALENO S.R.L.,05878431005,RSA SORRENTINO (RSA VILLA ANNA) - NUOVA ARCOBALENO,U00335/14,DECRETO DI ACCREDITAMENTO,"Via Falisca, 21",FALERIA,01030,42.23011,12.45028
640,95,109 VITERBO,SERENISSIMA S.R.L.,01324660560,MYOSOTIS,U00484/13,DECRETO DI ACCREDITAMENTO,Via Verga snc,BOMARZO,01020,42.48672,12.2502796
240,684,109 VITERBO,STUDIO DI TERAPIA FISICA PROF. VITO CALAMITA DEL DOTT. MINELLI COSTANTINO & C. S.A.S.,00615280567,STUDIO DI TERAPIA FISICA PROF.VITO CALAMITA DEL DOTT. MINELLI COSTANTINO & C. S.A.S.,U00471/12,DECRETO DI ACCREDITAMENTO,piazza san francesco 2,VITERBO,01100,42.42218,12.10613
18,1347,109 VITERBO,STUDIO MEDICO ANALISTA DR VICINI SRL,00323460568,STUDIO MEDICO ANALISTA DR VICINI S.R.L.,U00441/12,DECRETO DI ACCREDITAMENTO,SS Cassia KM 67.300,VETRALLA,01019,42.318861,12.058817
154,1530,109 VITERBO,STUDIO RADIOLOGICO E TERAPIA FISICA QUADRANI DI QUADRANI GRAZIA E C. SAS,00617430566,STUDIO RADIOLOGICO E TERAPIA FISICA QUADRANI DI QUADRANI GRAZIA E C. SAS,U00270/12,DECRETO DI ACCREDITAMENTO,"Via Fratelli Rosselli,2",VITERBO,01100,42.4211036,12.1083258
782,1630,109 VITERBO,VILLA SERENA SRL,01767040569,RSA VILLA SERENA,U00029/14,DECRETO DI ACCREDITAMENTO,S.S. Cassia Km 103,MONTEFIASCONE,01027,42.5402375,12.0337914
715,915,110 RIETI,ANALISI CLINICHE O' BIOS SRL,00825120579,ANALISI CLINICHE O' BIOS SRL,"U00091/13
U00303/13",DECRETO DI ACCREDITAMENTO,"VIA SALARIA KM. 53,00",POGGIO MOIANO,02030,42.2030175,12.875237
618,584,110 RIETI,ASSOCIAZIONE COMUNITÀ EMMANUEL ONLUS,04107220750,"ASS. COMUNITÀ EMMANUEL ONLUS, CT. R. BLASETTI",U00447/13,DECRETO DI ACCREDITAMENTO,via cese 12,RIETI,02100,42.44032,12.82037
722,403,110 RIETI,LABORATORIO ANALISI CLINICHE 'S.ANASTASIA' S.R.L.,00878110576,LABORATORIO ANALISI CLINICHE S.ANASTASIA S.R.L.,U00087/13,DECRETO DI ACCREDITAMENTO,viale Elia Micangeli n. 22,BORGOROSE,02021,42.1927685,13.235852
43,1837,110 RIETI,LABORATORIO ANALISI SA.FI.M.,00564150571,LABORATORIO SAFIM,U00039/13,DECRETO DI ACCREDITAMENTO,VIA DEL FANTE 1,PETRELLA SALTO,02020,42.250406,13.095496
760,1260,110 RIETI,LABORATORIO DI ANALISI CLINICHE IGEA SNC DI GIORGI E CO.,00066540576,STRUTTURA AMBULATORIALE LABORATORIO DI ANALISI CLINICHE IGEA SNC DI GIORGI E CO.,U00028/13,DECRETO DI ACCREDITAMENTO,"Largo F.Spadoni, 4 c",RIETI,02100,42.4039993,12.8527204
526,1279,110 RIETI,LABORATORIO SABINO SRL,00122610579,STRUTTURA AMBULATORIALE LABORATORIO SABINO SRL,U00031/13,DECRETO DI ACCREDITAMENTO,VIA SERVILIA SNC PASSO CORESE,FARA IN SABINA,02032,42.1552443,12.6569405
221,384,110 RIETI,LABORATORIO SANT'ANNA SAS,00799900576,LABORATORIO SANT'ANNA SAS,U00380/12,DECRETO DI ACCREDITAMENTO,Via della Stazione n. 81/a,ANTRODOCO,02013,42.40914009999999,13.0685326
76,169,110 RIETI,LUTEMADUE S.R.L.,00716620570,STUDIO RADIOLOGICO LUTEMADUE,U00384/12,DECRETO DI ACCREDITAMENTO,VIALE MATTEUCCI 1/B,RIETI,02100,42.398409,12.8574091
508,805,110 RIETI,MONDO RIABILITAZIONE S.R.L.,06327321003,MONDO RIABILITAZIONE - DIALISI,U00410/14,DECRETO DI ACCREDITAMENTO,via Antonio Segoni 4,COLLEVECCHIO,02042,42.3349994,12.5521511
655,1392,110 RIETI,RIA H RIABILITAZIONE SRL,00952240570,RIA H RIABILITAZIONE,U00385/14,DECRETO DI ACCREDITAMENTO,VITTORIO BACHELET 22,RIETI,02100,42.3998377,12.8574185
989,877,110 RIETI,S.I.S.S. A R.L.,00922840574,STRUTTURA AMBULATORIALE S.I.S.S. A R.L.,"U00095/14
U00278/14",DECRETO DI ACCREDITAMENTO,Via Moisè di Gaio n.5,RIETI,02100,42.40528,12.8587692
64,990,110 RIETI,SALUS SRL,00094840576,LABORATORIO SALUS SRL,U00024/13,DECRETO DI ACCREDITAMENTO,VIALE MATTEUCCI 23,RIETI,02100,42.3996424,12.8558497
125,88,110 RIETI,SENILIA SRL,00924360571,VILLA BELVEDERE,DET G01700/14,DETERMINA DI REVOCA,VIA SALARIA KM 64,TORRICELLA IN SABINA,02030,42.26214340000001,12.8699348
956,977,110 RIETI,SORATTE DUE SRL,07747651003,RSA SANTA RUFINA,U00386/13,DECRETO DI ACCREDITAMENTO,"VIA SALARIA KM 91,800",CITTADUCALE,02015,42.3885051,12.9516069
1044,5785,110 RIETI,RESIDENZA MONTE BUONO SRL,06825571000,RSA MONTE BUONO*2,U00182/14,DECRETO DI ACCREDITAMENTO,via Maglianese 6,MONTEBUONO,02040,42.3676514,12.5973098
689,1207,111 LATINA,AGORA' SALUS SRL,02140820594,AGORA' SALUS,U00297/14,DECRETO DI ACCREDITAMENTO,"VIA MANTOVA,5 - Loc. CASTELVERDE",LATINA,04100,41.4945238,12.7990068
298,1658,111 LATINA,ALBERGO TERME SANTAMARIA DI SANTAMARIA MARIA CARMINA,00048590590,TERME SANTAMARIA,U00325/14,DECRETO DI ACCREDITAMENTO,"VIA DELLE TERME, 423",CASTELFORTE,04021,41.2940632,13.860864
601,221,111 LATINA,ARMONIA S.R.L.,05469061005,ARMONIA S.R.L.,U00213/14,DECRETO DI ACCREDITAMENTO,"Via Piave, km 69",LATINA,04100,41.4675671,12.9035965
666,1511,111 LATINA,ARS MEDICA S.R.L. LABORATORIO DI ANALISI CLINICHE,00949060594,ARS MEDICA S.R.L. LABORATORIO DI ANALISI CLINICHE,U00076/12,DECRETO DI ACCREDITAMENTO,"Via Francesco Baracca, 370",SANTI COSMA E DAMIANO,04020,41.2756929,13.801488
773,1436,111 LATINA,"ASSOCIAZIONE ""LA LANTERNA""",05687821008,SRSR LA LANTERNA,U00173/14,DECRETO DI ACCREDITAMENTO,Via Genova 33,LATINA,04010,41.359818,13.43616
34,1695,111 LATINA,CASA DI CURA 'CITTÀ DI APRILIA' SRL,00168290591,CASA DI CURA CITTÀ DI APRILIA,U00357/14,DECRETO DI ACCREDITAMENTO,"Via Palme,25",APRILIA,04011,41.5884756,12.6478604
174,143,111 LATINA,CE.R.TEF.-GALENO SRL,00221500598,POLIAMBULATORIO CE.R.TE.F-GALENO ,"U00289/12
U00152/13
U00407/13",DECRETO DI ACCREDITAMENTO,"PIAZZA PORTA VESCOVO, nr.8/9",FONDI,04022,41.3568152,13.4280727
864,57,111 LATINA,CE.RA.PO. SRL,01357860590,CENTRO RADIOLOGICO PONTINO,U00305/12,DECRETO DI ACCREDITAMENTO,"Via Fabio Filzi, 19",LATINA,04100,41.4666915,12.9083656
127,1131,111 LATINA,CENTRO BIOLOGICO PASTEUR SRL,00275750594,CENTRO BIOLOGICO PASTEUR SRL,U00080/12,DECRETO DI ACCREDITAMENTO,"Via Marconi, 30",APRILIA,04011,41.59392,12.65176
728,519,111 LATINA,CENTRO DIAGNOSTICO A.FLEMING SRL,00553630591,CENTRO DIAGNOSTICO A. FLEMING,U00459/12,DECRETO DI ACCREDITAMENTO,via Edificio Scolastico snc,FONDI,04022,41.359119,13.4265681
673,1642,111 LATINA,CENTRO DIAGNOSTICO E RADIOLOGICO LA MERIDIANA S.R.L.,02305580603,CENTRO DIAGNOSTICO E RADIOLOGICO LA MERIDIANA SRL,"U00237/12
U00391/14",DECRETO DI ACCREDITAMENTO,Via APPIA n. 10,MINTURNO,04028,41.26086,13.689303
165,1649,111 LATINA,CENTRO DIAGNOSTICO 'ENNE UNO' S.R.L.,02288620590,CENTRO DIAGNOSTICO ENNE UNO SRL,U00195/14,DECRETO DI ACCREDITAMENTO,via SAN PAOLO DELLA CROCE n¿ 1/3,ITRI,04020,41.2906757,13.5259709
684,1177,111 LATINA,CENTRO DIAGNOSTICO FLEMING S.R.L.,01603180595,CENTRO DIAGNOSTICO FLEMING SRL,"U00081/12
U00208/14",DECRETO DI ACCREDITAMENTO,"Via Marconi, 64",PONTINIA,04014,41.4091242,13.0401475
613,453,111 LATINA,CENTRO DIAGNOSTICO MEDICO 'ANXUR' S.R.L.,00316210590,CENTRO DIAGNOSTICO MEDICO ANXUR S.R.L.,U00347/12,DECRETO DI ACCREDITAMENTO,"VIA LUNGOLINEA PIO VI, 107",TERRACINA,04019,41.2881998,13.2508348
429,1533,111 LATINA,CENTRO FISIOKINESITERAPICO EUROPA SRL,00301870598,CENTRO FISIOKINESITERAPICO EUROPA SRL,"U00157/12
U00073/14",DECRETO DI ACCREDITAMENTO,"Piazza della Repubblica, 39",TERRACINA,04019,41.2876255,13.255167
753,1136,111 LATINA,CENTRO MEDICO DI PATOLOGIA CLINICA DOTT. REDI UGO SRL,01543610594,CENTRO MEDICO DI PATOLOGIA CLINICA DOTT. REDI UGO SRL,U00274/12,DECRETO DI ACCREDITAMENTO,"Via Oberdan, 43",LATINA,04100,41.4684987,12.904915
949,921,111 LATINA,CENTRO MEDICO POLISPECIALISTICO CITTÀ DI APRILIA S.R.L.,05110271003,CENTRO DIALISI CITTÀ DI APRILIA S.R.L.,"U00153/12
U00274/13",DECRETO DI ACCREDITAMENTO,"Via R. Leoncavallo, 4",APRILIA,04011,41.5899627,12.6622362
988,873,111 LATINA,CENTRO MEDICO SOCIALE ALBERT SCHWEITZER S.A.S. DI LOMBARDI ERNESTA DORA E C.,00572160596,CENTRO MEDICO SOCIALE ALBERT SCHWEITZER S.A.S. DI LOMBARDI ERNESTA DORA E C.,U00077/12,DECRETO DI ACCREDITAMENTO,VIA G. MARCONI N.14,MINTURNO,04026,41.2535937,13.7118746
441,1798,111 LATINA,CENTRO SA.NA. SRL,01488750595,CENTRO POLISPECIALISTICO SA.NA.,U00031/12,DECRETO DI ACCREDITAMENTO,"Via Peschiera, 10",APRILIA,04011,41.5945889,12.6450007
74,149,111 LATINA,CLANIS CENTRO DIAGNOSTICO DI ROSSI C&C S.A.S.,00912010592,STRUTTURA AMBULATORIALE,U00082/12,DECRETO DI ACCREDITAMENTO,"via Appia, 1325",MINTURNO,04026,41.2517281,13.7283128
115,808,111 LATINA,CLIN AUDIT SAN CARLO SRL,01888610597,CLIN AUDIT SAN CARLO SRL,U00061/12,DECRETO DI ACCREDITAMENTO,VIA GATTUCCIA  N. 8/10,SEZZE,04018,41.50407999999999,13.06677
535,1404,111 LATINA,CLINICHE MODERNE SPA,00247210594,CASA DI CURA  - HOSPICE S. MARCO,U00396/13,DECRETO DI ACCREDITAMENTO,Viale Latina XXI Aprile 2,LATINA,04100,41.46242000000001,12.90252
286,1536,111 LATINA,DIAGNOSTICA HERMES S.R.L.,01802430593,DIAGNOSTICA HERMES SRL,U00478/12,DECRETO DI ACCREDITAMENTO,"Via Palazzo, 44/A",FORMIA,04023,41.2635684,13.6231742
997,72,111 LATINA,DIAVERUM ITALIA S.R.L.,02243300361,DIAVERUM ITALIA S.R.L. - FONDI,U00079/14,DECRETO DI ACCREDITAMENTO,Via Arnale Rosso 129,FONDI,04021,41.3584869,13.436137
965,401,111 LATINA,DOTT. DI RUSSO ALFONSO,00231980590,STUDIO DOTT. DI RUSSO ALFONSO,"U00465/12
U00227/13",DECRETO DI ACCREDITAMENTO,"Via Unita' D'Italia, 38",FORMIA,04023,41.2559961,13.6068672
244,774,111 LATINA,EMOLABO S.R.L.,01926430594,EMOLABO,U00210/12,DECRETO DI ACCREDITAMENTO,"Via Sicilia,81",TERRACINA,04019,41.2881749,13.2402463
941,124,111 LATINA,ERRE-D SRL,01923100596,ERRE-D SRL,U00398/13,DECRETO DI ACCREDITAMENTO,VIA DEI PICENI 45/55,LATINA,04100,41.4588779,12.9290386
554,1625,111 LATINA,F.LLI TOMASSI SNC DI TOMASSI ROBERTO & C.,00129610598,F.LLI TOMASSI SNC DI TOMASSI ROBERTO & C.,U000352/14,DECRETO DI ACCREDITAMENTO,Via Delle Terme - Suio Terme,CASTELFORTE,04021,41.2987721,13.8225318
354,344,111 LATINA,FISIOSANISPORT LATINA SRL,01024511006,FISIOSANISPORT LATINA S.R.L.,"U00338/12
U00186/13",DECRETO DI ACCREDITAMENTO,"Via Franco Faggiana, 1754",LATINA,04100,41.4426382,12.9028552
483,385,111 LATINA,GEAS SRL,00322050592,GEAS SRL,U00152/11,DECRETO DI ACCREDITAMENTO,"VIA PIO VI, 7",LATINA,04100,41.4658285,12.9037008
91,418,111 LATINA,"IL BRIGANTE SNC DI ORNELLA MASSARONI, TERENZIO SUBIACO E MARGHERITA MASSARONI & C.",01642220592,S.R.S.R. ''LA MARGHERITA'',"U00266/13
U00438/13
U00223/14",DECRETO DI ACCREDITAMENTO,Via Pontina Km 105.400,TERRACINA,04019,41.2963728,13.2332657
629,720,111 LATINA,"IL BRIGANTE SNC DI ORNELLA MASSARONI, TERENZIO SUBIACO E MARGHERITA MASSARONI & C.",01642220592,S.R.T.R. ''ESSERCI'',"U00378/13
U00443/13
U00222/14",DECRETO DI ACCREDITAMENTO,Via Badino 267,TERRACINA,04019,41.2880754,13.2272021
968,416,111 LATINA,"IL BRIGANTE SNC DI ORNELLA MASSARONI, TERENZIO SUBIACO E MARGHERITA MASSARONI & C.",01642220592,S.R.S.R.  ''RESIDENZA DEI PINI'',"U00336/13
U00224/14",DECRETO DI ACCREDITAMENTO,"Via Valle D'Aosta ,4",TERRACINA,04019,41.28546,13.22231
274,1417,111 LATINA,INSIEME DI A. ANELLI E C. SAS,01264760594,CO. DI CO. ALBERTO PEZZI,U00125/14,DECRETO DI ACCREDITAMENTO,Via Cerri Aprano snc,SANTI COSMA E DAMIANO,04020,41.2988908,13.8126177
277,1471,111 LATINA,INSIEME DI A. ANELLI E C. SAS,01264760594,INSIEME 1,U00120/14,DECRETO DI ACCREDITAMENTO,Via Penitro a Monte snc,FORMIA,04023,41.2559961,13.6068672
424,1470,111 LATINA,INSIEME DI A. ANELLI E C. SAS,01264760594,INSIEME,U00112/14,DECRETO DI ACCREDITAMENTO,Via Ausente angolo Cerri Aprano,SANTI COSMA E DAMIANO,04020,41.28722459999999,13.7803335
538,1464,111 LATINA,INSIEME DI A. ANELLI E C. SAS,01264760594,CO. DI CO. REDZEP SESTOVIC,U00124/14,DECRETO DI ACCREDITAMENTO,Via Cerri Aprano snc,SANTI COSMA E DAMIANO,04020,41.2988908,13.8126177
876,1390,111 LATINA,INSIEME DI A. ANELLI E C. SAS,01264760594,SRTR INSIEME,U00126/14,DECRETO DI ACCREDITAMENTO,Via Silvio Pellico n.7/9,SPIGNO SATURNIA,04020,41.34384300000001,13.781882
878,1415,111 LATINA,INSIEME DI A. ANELLI E C. SAS,01264760594,INSIEME 2,U00127/14,DECRETO DI ACCREDITAMENTO,"Via Ausente Km.2,750",SANTI COSMA E DAMIANO,04020,41.2988908,13.8126177
568,1840,111 LATINA,ISTITUTO CHIRURGICO ORTOPEDICO SALUS SRL,01069721007,"ISTITUTO CHIRURGICO ORTOPEDICO SALUS SRL CASA DI CURA ""SORRISO SUL MARE""","U00316/13
U00452/13",DECRETO DI ACCREDITAMENTO,"Via Appia Nuova, 72",FORMIA,04023,41.2559961,13.6068672
585,1055,111 LATINA,ISTITUTO DI FISIOKINESITERAPIA E RIABILITAZIONE DI FINESTRA CARLO & C. SAS,01591870595,ISTITUTO DI FISIOKINESITERAPIA E RIABILITAZIONE DI  FINESTRA CARLO & C. SAS,"U00224/12
U00265/13",DECRETO DI ACCREDITAMENTO,"Via Umberto I, 31",LATINA,04100,41.4381671,12.9670007
757,1173,111 LATINA,ISTITUTO FISIOTERAPICO B & B SNC DI BOSIZIO E. E BOSELLI M.,00312500598,ISTITUTO FISIOTERAPICO B & B SNC,U00134/12,DECRETO DI ACCREDITAMENTO,"Corso della Repubblica, 80",LATINA,04100,41.4705524,12.9029645
867,1127,111 LATINA,"ISTITUTO FISIOTERAPICO DI RIABILITAZIONE ""C. FRANCESCHINI"" SRL",01080381005,ISTITUTO FISIOTERAPICO DI RIABILITAZIONE C. FRANCESCHINI SRL,"U00044/13
U00136/14",DECRETO DI ACCREDITAMENTO,"VIA SELVAPIANA , 2",SABAUDIA,04016,41.2498814,13.0502997
256,85,111 LATINA,LA VALLE SOCIETÀ COOPERATIVA SOCIALE,01088620594,'LA VALLE' CENTRO DI RIABILITAZIONE,U00142/14,DECRETO DI ACCREDITAMENTO,"Via Sant'Agostino, snc",GAETA,04024,41.2107299,13.5714285
896,1633,111 LATINA,LABORATORI VITA S.R.L.,01122030594,LABORATORI VITA S.R.L.,U00275/14,DECRETO DI ACCREDITAMENTO,VIA SABAUDIA 19,LATINA,04100,41.45661,12.91183
657,1419,111 LATINA,LABORATORIO ANALISI BIO-CLINICHE D.SSA M.R. CICCONARDI MINUTILLO S.R.L.,02286870593,LABORATORIO ANALISI BIO-CLINICHE D.SSA MARIA ROSA CICCONARDI MINUTILLO S.R.L,U00078/12,DECRETO DI ACCREDITAMENTO,VIA CUOSTILE N. 5/H,GAETA,04024,41.21939,13.56518
885,1512,111 LATINA,LABORATORIO ANALISI CLINICHE DOTTORESSA MATTEI FIAMMETTA S.R.L.,01976340594,LABORATORIO ANALISI CLINICHE DOTT.SA MATTEI FIAMMETTA S.R.L.,"U00306/12
U00150/13",DECRETO DI ACCREDITAMENTO,"Viale della Vittoria, 150",TERRACINA,04019,41.2859747,13.2481727
4,1146,111 LATINA,LABORATORIO DIAGNOSTICA MEDICA SRL,00272600594,LABORATORIO DIAGNOSTICA MEDICA SRL,U00222/12,DECRETO DI ACCREDITAMENTO,"Largo Cirri, 10",LATINA,04100,41.446227,12.8777925
961,366,111 LATINA,LABORATORIO ELKALAB S.R.L.,01259231007,ELKALAB,U00156/11,DECRETO DI ACCREDITAMENTO,"Via Delle Regioni, 20",APRILIA,04011,41.5999995,12.6482052
522,1176,111 LATINA,LABORATORIO GALENO S.R.L.,01284250592,LABORATORIO GALENO SRL,U00175/12,DECRETO DI ACCREDITAMENTO,"Via Vitruvio, 77",FORMIA,04023,41.25489169999999,13.6042491
220,383,111 LATINA,LABORATORIO MENDEL SRL,00933960593,LABORATORIO MENDEL SRL,U00162/11,DECRETO DI ACCREDITAMENTO,"Via Principe di Piemonte, 6",SABAUDIA,04016,41.3009559,13.0245684
721,397,111 LATINA,LABORATORIO SALUS S.A.S.,00271210593,LABORATORIO SALUS S.A.S.,"U00174/12
U00294/13
U00264/14",DECRETO DI ACCREDITAMENTO,Via Montenero 2/4,SAN FELICE CIRCEO,04017,41.2431203,13.0926582
890,1572,111 LATINA,MAFAR S.R.L.,00183030600,TERME S. EGIDIO,U00204/14,DECRETO DI ACCREDITAMENTO,Via delle Terme,CASTELFORTE,04021,41.2920155,13.8447573
542,1509,111 LATINA,MARIE & PIERRE CURIE S.R.L.,02036580591,MARIE & PIERRE CURIE S.R.L.,U00165/12,DECRETO DI ACCREDITAMENTO,Via Aurelio Saffi 53/69,LATINA,04100,41.4697256,12.9001473
889,1566,111 LATINA,MEDICAL PONTINO SRL,00946920592,MEDICAL PONTINO S.R.L. ,U00236/12,DECRETO DI ACCREDITAMENTO,"Via Custoza, 3/B",LATINA,04100,41.47372,12.90796
183,1185,111 LATINA,POLILAB S.R.L.,01925830596,POLILAB S.R.L.,"U00433/12
U00172/13",DECRETO DI ACCREDITAMENTO,"Via Regina Camilla, 13/17",PRIVERNO,04015,41.474691,13.179477
180,1913,111 LATINA,PROGETTO AMICO DI MELETTI ORNELLA & CO. SNC,01907070591,POLIAMBULATORIO MEDICO SPECIALISTICO -  CENTRO DI RIABILITAZIONE,U00499/13,DECRETO DI ACCREDITAMENTO,VIA DEI SICANI N. 2,LATINA,04100,41.4617357,12.9179624
527,1280,111 LATINA,PROGETTO INSIEME SRL,02204200592,ABATON PROGETTO INSIEME,"U00146/13
U00332/13
U00462/13
U00236/14
U00364/14",DECRETO DI ACCREDITAMENTO,Via De Gasperi A.,CASTELFORTE,04021,41.29773369999999,13.825986
748,86,111 LATINA,SAN ROCCO SRL,00259510592,SAN ROCCO SRL,"U00446/12
U00144/13
U00439/13",DECRETO DI ACCREDITAMENTO,viale giovane europa 4/12,CISTERNA DI LATINA,04012,41.589823,12.828465
985,771,111 LATINA,SEGESTA LATINA SPA,00244910592,RSA - HOSPICE VILLA AZZURRA - AMBULATORI,"U00394/13
U00442/13",DECRETO DI ACCREDITAMENTO,Lungomare Matteotti 4,TERRACINA,04019,41.2858063,13.25632
923,1180,111 LATINA,SERMOLAB S.R.L.,00302800594,SERMOLAB S.R.L.,U00004/12,DECRETO DI ACCREDITAMENTO,"Via Le Pastine, 3",SERMONETA,04010,41.6055302,12.9085238
106,726,111 LATINA,SOC. SEMPL. 'HARD' DI PERONI FLORA E C.,00243310596,SOC. SEMPL. 'HARD' DI PERONI FLORA E C.,U00003/12,DECRETO DI ACCREDITAMENTO,VIA CIALDINI 18,LATINA,04100,41.4634936,12.903922
20,1369,111 LATINA,STUDIO RADIOLOGIA E TERAPIA FISICA DR. GIUSEPPE IZZO,00181460593,STUDIO DI RADIOLOGIA E TERAPIA FISICA DR. GIUSEPPE IZZO,U00119/12,DECRETO DI ACCREDITAMENTO,corso della Repubblica 239,LATINA,04100,41.4640859,12.9043292
888,1553,111 LATINA,SUIO SRL,00162590590,STABILIMENTO TERMALE NUOVA SUIO,U00338/14,DECRETO DI ACCREDITAMENTO,via delle terme 314,CASTELFORTE,04020,41.2939286,13.8605557
902,1668,111 LATINA,TERME CARACCIOLO FORTE S.R.L.,01509690598,TERME CARACCIOLO FORTE,U00193/14,DECRETO DI ACCREDITAMENTO,"VIA DELLE TERME, snc",CASTELFORTE,04021,41.2987721,13.8225318
162,1622,111 LATINA,TERME VESCINE S.R.L.,01897310593,TERME VESCINE,U00334/14,DECRETO DI ACCREDITAMENTO,"VIA DELLE TERME, 417",CASTELFORTE,04021,41.2940632,13.860864
912,1780,111 LATINA,VILLA DELLE QUERCE BY C.C. SRL,06232551009,VILLA DELLE QUERCE BY C.C. SRL,U00444/13,DECRETO DI ACCREDITAMENTO,"Via Arrigo Boito, 3",LATINA,04100,41.4574256,12.8764342
1045,5673,111 LATINA,CENTRO RESIDENZIALE ANZIANI DOMUS AUREA  SRL,02030520593,CENTRO RESIDENZIALE ANZIANI DOMUS AUREA *2 ,U00324/13,DECRETO DI ACCREDITAMENTO,Via S. Sebastiano 8-10 Loc. Petrete,CASTELFORTE,04021,41.2987721,13.8225318
1046,5504,111 LATINA,RESIDENZA PONTINA SRL,02364870598,RSA RESIDENZA PONTINA *2 ,U00348/13,DECRETO DI ACCREDITAMENTO,"Via Franco Faggiana, n. 1668",LATINA,04100,41.4428464,12.9019427
1047,5922,111 LATINA,SAN MICHELE HOSPITAL S.R.L.,02137230591,RSA SAN MICHELE HOSPITAL *2,U00293/13,DECRETO DI ACCREDITAMENTO,"Via del Monticello,6",APRILIA,04011,41.5948337,12.6313701
1048,5591,111 LATINA,RSA SAN RAFFAELE SABAUDIA SRL,08515971003,RSA SAN RAFFAELE SABAUDIA,U00191/14,DECRETO DI ACCREDITAMENTO,Borgo San Donato,SABAUDIA,04016,41.3923176,12.9996933
1053,5793,111 LATINA,T.E.A.R. SRL,01882210600,RSA MINTURNO POGGIO DUCALE,U00220/14,DECRETO DI ACCREDITAMENTO,VIA DEGLI EROI,MINTURNO,04026,41.2630578,13.743975
376,674,112 FROSINONE,ASSOCIAZIONE DI VOLONTARIATO ONLUS NUOVI ORIZZONTI,9.6218850582E10,COMUNITÀ DI PIGLIO,U00272/14,DECRETO DI ACCREDITAMENTO,Via Prenestina 95,PIGLIO,03010,41.8323942,13.1030849
875,2515,112 FROSINONE,BELMONTE S.R.L.,02458040603,SAN NICOLA,"U00127/13
U00006/14",DECRETO DI ACCREDITAMENTO,VIA POZZI N. 20,BELMONTE CASTELLO,03040,41.5794794,13.8103966
7,1164,112 FROSINONE,BIOMEDICA SRL,00659320600,LABORATORIO ANALISI BIOMEDICA,U00217/14,DECRETO DI ACCREDITAMENTO,"v. Provinciale, 77",ALATRI,03011,41.775528,13.272233
266,1319,112 FROSINONE,CASA DI CURA PRIVATA S. ANNA SRL,00627760606,CASA DI CURA S. ANNA,U00031/14,DECRETO DI ACCREDITAMENTO,VIA K. HERLD SNC,CASSINO,03043,41.4907889,13.8333776
935,1096,112 FROSINONE,CASA DI CURA S.TERESA SRL,01707900609,CASA DI CURA PRIVATA SANTA TERESA SRL,U00248/13,DECRETO DI ACCREDITAMENTO,VIA NAZIONALE 7/25,ISOLA DEL LIRI,03036,41.6773452,13.5748708
89,396,112 FROSINONE,CASA DI CURA VILLA SERENA DI MARTINO E LOMBARDI SRL,00250370608,CASA DI CURA VILLA SERENA SRL DI MARTINO E LOMBARDI SRL,U00375/14,DECRETO DI ACCREDITAMENTO,CORSO DELLA REPUBBLICA 204,CASSINO,03043,41.490534,13.8363828
320,1209,112 FROSINONE,CASA GENERALIZIA PIO ISTITUTO PICCOLE SUORE SACRA FAMIGLIA,00427050232,RESIDENZA SANITARIA ASSISTENZIALE S.MARIA,U00397/13,DECRETO DI ACCREDITAMENTO,Via Indipendenza n. 2,CASTROCIELO,03030,41.53371,13.69618
788,1721,112 FROSINONE,CENTRO DI RADIOLOGIA S.ANTONIO SRL,00628330607,CENTRO DI RADIOLOGIA S.ANTONIO SRL,"U00286/12
U00151/13",DECRETO DI ACCREDITAMENTO,VIA ARIGNI 55,CASSINO,03043,41.4899341,13.827922
366,539,112 FROSINONE,CENTRO MEDICO POLISPECIALISTICO ADITERM SRL,01833670605,CENTRO MEDICO POLISPECIALISTICO ADITERM,U00242/13,DECRETO DI ACCREDITAMENTO,"VIA CASILINA KM 77,600",FERENTINO,03013,41.6956788,13.2577285
48,1868,112 FROSINONE,CENTRO ORTOPEDICO FISIOTERAPICO S.R.L,00621120609,CENTRO ORTOPEDICO FISIOTERAPICO S.R.L.,U00492/13,DECRETO DI ACCREDITAMENTO,Via Sferracavalli 2/c,CASSINO,03043,41.5019771,13.8361641
803,1046,112 FROSINONE,CLINICA S.ANTONIO S R L,00175180603,CLINICA S. ANTONIO,U00252/14,DECRETO DI ACCREDITAMENTO,Via Marittima 228,FROSINONE,03100,41.63374530000001,13.3372289
111,778,112 FROSINONE,COMUNITÀ IN DIALOGO ONLUS,9.2009470607E10,NUOVA ERA,U00199/14,DECRETO DI ACCREDITAMENTO,"Via S. Rocco, n. 2",TRIVIGLIANO,03010,41.775806,13.272121
260,1253,112 FROSINONE,COMUNITÀ IN DIALOGO ONLUS,9.2009470607E10,CASA FAMIGLIA PARACLITO,U00202/14,DECRETO DI ACCREDITAMENTO,"borgo s. rocco, 2",TRIVIGLIANO,03010,41.775806,13.272121
264,1307,112 FROSINONE,COMUNITÀ IN DIALOGO ONLUS,9.2009470607E10,IL CASALE,U00200/14,DECRETO DI ACCREDITAMENTO,contrada malle snc,TRIVIGLIANO,03010,41.7756543,13.2722571
181,1934,112 FROSINONE,CRN CENTRO RIABILITAZIONE NEUROMOTORIA SRL,01896140603,C.R.N. SRL ,U00406/14,DECRETO DI ACCREDITAMENTO,VIA LARGO MICHELOZZI,PIEDIMONTE SAN GERMANO,03030,41.49549469999999,13.750909
740,760,112 FROSINONE,DELTA MEDICAL SRL,00287030605,DELTA MEDICAL SRL,U00281/12,DECRETO DI ACCREDITAMENTO,via Fresine-Loc.tà Giardino-Condominio dei Portici,FERENTINO,03013,41.6956788,13.2577285
986,772,112 FROSINONE,EURONEFRO SRL,01949460602,EURONEFRO SRL,"U00006/13
U00092/14",DECRETO DI ACCREDITAMENTO,VIA MARITTIMA 362,FROSINONE,03100,41.633,13.33607
814,307,112 FROSINONE,EUROSANITA' S.P.A,06726891002,SANT'ELISABETTA DIALISI,U00392/13,DECRETO DI ACCREDITAMENTO,via Guglielmo Marconi 1,FIUGGI,03014,41.8032027,13.2234705
1008,250,112 FROSINONE,EUROSANITA' S.P.A,06726891002,SANT'ELISABETTA RSA ,U00391/13,DECRETO DI ACCREDITAMENTO,via Guglielmo Marconi 1,FIUGGI,03014,41.8032027,13.2234705
113,786,112 FROSINONE,FIGEBO CENTRO  POLISPECIALISTICO S.R.L.,07877891007,COMPLESSO POLISPECIALISTICO FIGEBO CENTRO POLISPECIALISTICO SRL,"U00476/12
U00209/13",DECRETO DI ACCREDITAMENTO,"Via Cimarosa,snc",CASSINO,03043,41.4907889,13.8333776
868,1147,112 FROSINONE,FONDAZIONE DI CULTO E RELIGIONE PICCOLO RIFUGIO - ONLUS,02461760270,FONDAZIONE DI CULTO E RELIGIONE PICCOLO RIFUGIO ONLUS,U00301/14,DECRETO DI ACCREDITAMENTO,Via A. Pettorini 100/a,FERENTINO,03013,41.68694850000001,13.251894
231,624,112 FROSINONE,FONDAZIONE EXODUS ONLUS,1.206638015E10,EXODUS CASSINO,U00133/14,DECRETO DI ACCREDITAMENTO,"VIA SAN DOMENICO VERTELLE, 23",CASSINO,03043,41.5049673,13.8371411
649,1322,112 FROSINONE,FRA.SI.MA. SRL,01814200604,DIAGNOSTICA PER IMMAGINI - MEDICINA FISICA E RIBILITAZIONE,U00333/14,DECRETO DI ACCREDITAMENTO,"Via Lungoliri, 5",PONTECORVO,03037,41.459197,13.664848
584,1048,112 FROSINONE,GES.LAN. S.R.L. LABORATORIO DI ANALISI CLINICHE,00168020600,GES.L.AN. S.R.L. AMBULATORIALE - LABORATORIO DI ANALISI CLINICHE,U00093/13,DECRETO DI ACCREDITAMENTO,"Via Adige, 41",FROSINONE,03100,41.6430176,13.3443972
128,1140,112 FROSINONE,GESTI-VAR SRL,02009600590,S.R.T.R.ESTENSIVA -  BORGO SAN TOMMASO,"U00381/13
U00402/14",DECRETO DI ACCREDITAMENTO,"Via San Francesco, 2/a",ROCCASECCA,03038,41.5517396,13.670554
168,1691,112 FROSINONE,GESTI-VAR SRL,02009600590,S.R.T.R. ESTENSIVA MONTELLO,"U00370/13
U00394/14",DECRETO DI ACCREDITAMENTO,"Via Montello, 22",ROCCASECCA,03038,41.5497088,13.6590034
1007,1140,112 FROSINONE,GESTI-VAR SRL,02009600590,S.R.T.R. 24HH -  BORGO SAN TOMMASO,"U00384/13
U00401/14",DECRETO DI ACCREDITAMENTO,"Via San Francesco, 2/a",ROCCASECCA,03038,41.5517396,13.670554
521,1167,112 FROSINONE,INSIEME DI A. ANELLI E C. SAS,01264760594,INSIEME AUSONIA,"U00275/13
U00363/14",DECRETO DI ACCREDITAMENTO,C/da Orfanotrofio snc,AUSONIA,03040,41.3570246,13.7507436
337,2584,112 FROSINONE,ISTITUTO NEUROTRAUMATOLOGICO ITALIANO SPA,01009381003,CASA DI CURA INI CITTÀ BIANCA - RIABILITAZIONE - ONCOLOGIA - AMBULATORI,U00166/13,DECRETO DI ACCREDITAMENTO,"via Foiano, 4",VEROLI,03029,41.67616,13.43019
160,1609,112 FROSINONE,LABORATORI ARS MEDICA S.R.L. L.A.M.,01442210603,LABORATORI ARS MEDICA SRL L.A.M.,U00004/13,DECRETO DI ACCREDITAMENTO,VIA CLAUDIO MONTEVERDI 90/94,FROSINONE,03100,41.6272013,13.3280012
964,389,112 FROSINONE,LABORATORIO ANALISI CHIMICO-CLINICHE E MICROBIOLOGICHE 'DAVID SNC',00659560601,"STRUTTURA AMBULATORIALE LABORATORIOANALISI CHIMICO-CLINICHE E MICROBIOLOGICHE ""DAVID SNC""",U00282/12,DECRETO DI ACCREDITAMENTO,Via Giuriati 11,SORA,03039,41.7169924,13.6107666
576,1208,112 FROSINONE,LABORATORIO ANALISI CLINICHE COLLATINO S.R.L.,04310511003,LABORATORIO ANALISI CLINICHE COLLATINO SRL,U00009/13,DECRETO DI ACCREDITAMENTO,VIA A. CARNEVALE SNC,CASTRO DEI VOLSCI,03020,41.5077006,13.4055372
495,548,112 FROSINONE,LABORATORIO ANALISI CLINICHE 'DANTE',00294850607,LABORATORIO ANALISI CLINICHE 'DANTE',U00273/14,DECRETO DI ACCREDITAMENTO,"VIA G.GIMINIANI, 153",ANAGNI,03012,41.7443123,13.1595275
549,1580,112 FROSINONE,LABORATORIO ANALISI CLINICHE DI ANTONELLI ARMANDO & C. S.R.L.,00304510605,LABORATORIO ANALISI CLINICHE DI ANTONELLI ARMANDO & C. S.R.L.,"U00161/13
U00288/13",DECRETO DI ACCREDITAMENTO,"via Casilina km 111,700",ARCE,03032,41.5855679,13.5730857
360,449,112 FROSINONE,LABORATORIO ANALISI CLINICHE S.MARCO S.A.S.,01542960602,LABORATORIO ANALISI CLINICHE S.MARCO S.A.S.,U00477/12,DECRETO DI ACCREDITAMENTO,Via Le Mura S.ANDREA,PONTECORVO,03037,41.4545679,13.6637674
32,1663,112 FROSINONE,LABORATORIO ANALISI POLESE S.N.C.,00672060605,LABORATORIO ANALISI CLINICHE POLESE,U00398/14,DECRETO DI SOSPENSIONE,rivolta 24/a,ROCCASECCA,03038,41.53142099999999,13.6462696
94,681,112 FROSINONE,LABORATORIO CHIMICO DEL CASSINATE SRL,00630090603,SEZIONE LABORATORIO DI ANALISI - DIAGNOSTICA PER IMMAGINI - RISONANZA MAGNETICA,"U00449/12
U00455/13
U00041/14",DECRETO DI ACCREDITAMENTO,"P.zza S. Scolastica, 1",CASSINO,03043,41.4954906,13.8290606
624,626,112 FROSINONE,LABORATORIO DIAGNOSTICO VAL COMINO SRL,01629620608,LABORATORIO DIAGNOSTICO VAL COMINO SRL,U00490/12,DECRETO DI ACCREDITAMENTO,"Via San Nicandro, snc",ATINA,03042,41.6193372,13.8015603
387,865,112 FROSINONE,MENICHELLI OTTAVIA SRL,00640030607,MENICHELLI OTTAVIA SRL,"U00461/12
U00175/13",DECRETO DI ACCREDITAMENTO,"Piazza Berardi, 36",CECCANO,03023,41.5699592,13.3365605
287,1556,112 FROSINONE,NEPHROCARE SPA,07762500630,STRUTTURA AMBULATORIALE NEPHROCARE SPA,U00189/13,DECRETO DI ACCREDITAMENTO,Piazza S. Scolastica,CASSINO,03043,41.5057532,13.8431007
623,621,112 FROSINONE,POLYMEDIC SRL,00620690602,POLYMEDIC SRL,U00007/13,DECRETO DI ACCREDITAMENTO,VICOLO MECCI SNC,FERENTINO,03013,41.6956788,13.2577285
506,792,112 FROSINONE,RADIOLOGIA DIAGNOSTICA S.R.L.,02254430602,RADIOLOGIA DIAGNOSTICA,U00005/13,DECRETO DI ACCREDITAMENTO,VIA TIBURTINA 185,FROSINONE,03100,41.6522959,13.3432341
783,1643,112 FROSINONE,RADIOLOGIA MORLUPO DI E. ARDUINI & C. S.A.S.,04198681001,RADIOLOGIA MORLUPO DI E. ARDUINI & C. S.A.S.,U00209/14,DECRETO DI ACCREDITAMENTO,VIA DEI VILLINI 1,ROMA,00067,42.14399299999999,12.490363
798,1191,112 FROSINONE,SALUS S.R.L.,00373890607,VIA LECCE,U00488/12,DECRETO DI ACCREDITAMENTO,Via Lecce 7,FROSINONE,03100,41.63532,13.34973
859,1637,112 FROSINONE,SALUS SRL,02003280605,SALUS SRL  (20PL),U00049/13,DECRETO DI ACCREDITAMENTO,"VIA Aurita, 4",BROCCOSTELLA,03030,41.702,13.67386
1006,890,112 FROSINONE,SALUS SRL,02003280605,SALUS SRL  (60PL),U00280/13,DECRETO DI ACCREDITAMENTO,VIA VALCATOIO N.20,ISOLA DEL LIRI,03036,41.6812376,13.573585
603,249,112 FROSINONE,SALUS TERME SRL,00365460609,SALUS TERME SRL,U00351/14,DECRETO DI ACCREDITAMENTO,VIA A.NAZARI 24,FIUGGI,03014,41.7914428,13.2199172
196,2544,112 FROSINONE,SAN RAFFAELE SPA,08253151008,CASA DI CURA -CENTRO RIABILITAZIONE - RSA - HOSPICE  SAN RAFFAELE CASSINO,U00181/12,DECRETO DI ACCREDITAMENTO,"Via Gaetano Di Biasio, 1",CASSINO,03043,41.491212,13.8256923
992,36,112 FROSINONE,SANGERMANO SRL,00617420609,R.S.A. SAN GERMANO SRL,U00117/13,DECRETO DI ACCREDITAMENTO,"VIALE MARCONI, 10",PIEDIMONTE SAN GERMANO,03030,41.4997747,13.743345
392,52,112 FROSINONE,SM3 SRL,00607020609,SM3 SRL,U00455/12,DECRETO DI ACCREDITAMENTO,VIA MOROLENSE 20,SUPINO,03019,41.6090394,13.2896324
68,1029,112 FROSINONE,JOHNNY & MARY SRL (GIÀ SOC. COOP. 'AURORA 2000'),02649180607,CASA JOHNNY,"U00213/13
U00082/14
U00403/14",DECRETO DI ACCREDITAMENTO,"Via Poggio Romano,5",PALIANO,03018,41.806102,13.035037
582,1034,112 FROSINONE,JOHNNY & MARY SRL (GIÀ SOC. COOP. 'AURORA 2000'),06323191004,CASA MARY,U00215/13,DECRETO DI ACCREDITAMENTO,VIa Poggio Romano 45,PALIANO,03018,41.8032358,13.0282113
114,791,112 FROSINONE,SOCIETÀ COOPERATIVA SAN FRANCESCO,01599680608,R.S.A. SAN FRANCESCO,U00110/14,DECRETO DI ACCREDITAMENTO,"Via San Francesco Di Fuori, 14",ALATRI,03011,41.7253443,13.3339046
375,661,112 FROSINONE,SOGEPI SRL,00351140603,VILLA DEGLI ULIVI,U00353/13,DECRETO DI ACCREDITAMENTO,"via Tascitara , 9",SANT`ELIA FIUMERAPIDO,03049,41.53693,13.87296
682,1927,112 FROSINONE,SOGEPI SRL,00351140603,S.R.T.R. LE PALME E GLI OLEANDRI,"U00345/13
U00464/13",DECRETO DI ACCREDITAMENTO,via Tascitara 9,SANT`ELIA FIUMERAPIDO,03049,41.53693,13.87296
784,1652,112 FROSINONE,STUDIO DIAGNOSTICO E RADIOLOGICO SIROLLI S.R.L.,01314811009,CENTRO DIAGNOSTICO E RADIOLOGICO SIROLLI,U00328/14,DECRETO DI ACCREDITAMENTO,via ALFIERI 21/23,CEPRANO,03024,41.5455677,13.5183331
342,197,112 FROSINONE,T.E.A.R. SRL,01882210600,RSA MADONNA DELLE GRAZIE,U00315/13,DECRETO DI ACCREDITAMENTO,VIA FARNETE 5,PONTECORVO,03037,41.44416,13.64241
573,1190,112 FROSINONE,TERME DI POMPEO (EX STUDIO MEDICO FERENTINO SRL ),00391470606,AMBULATORIO POLISPECIALISTICO STUDIO MEDICO FERENTINO,"U00417/13
U00476/13",DECRETO DI ACCREDITAMENTO,VIA CASILINA SUD KM.76,FERENTINO,03013,41.6956788,13.2577285
166,1669,112 FROSINONE,TERME POMPEO S.R.L.,00322640608,TERME POMPEO SRL,"U00354/13
U00078/14",DECRETO DI ACCREDITAMENTO,VIA CASILINA KM.76,FERENTINO,03013,41.6956788,13.2577285
339,2620,112 FROSINONE,VILLA ALBA S.R.L.,01707861009,VILLA ALBA VEROLI SR E NR,U00304/14,DECRETO DI ACCREDITAMENTO,"Via Foiano, 34",VEROLI,03020,41.67616,13.43019
808,118,112 FROSINONE,VILLA GIOIA CASA DI CURA PRIVATA SRL,00223710609,VILLA GIOIA CASA DI CURA S.R.L,U00389/13,DECRETO DI ACCREDITAMENTO,viale San Domenico 1\f,SORA,03039,41.7138966,13.6057304
1049,5759,112 FROSINONE,VILLA LETIZIA 2006 S.R.L.,08802351000,RSA VILLA LETIZIA *2 - 2 NUCLEI,U00028/14,DECRETO DI ACCREDITAMENTO,SS 156 MONTI LEPINI KM 11.300,PATRICA,03010,41.5916799,13.2427548
1050,5637,112 FROSINONE,EUROSANITA' S.P.A,06726891002,RSA SANT'ELISABETTA 2 *2,"U00129/14
U00321/14",DECRETO DI ACCREDITAMENTO,"Via Vecchia Fiuggi, 209",FIUGGI,03014,41.792992,13.221625
